scene_name,source,base_scene,label,defect_type,defect_family,severity,pipeline_passed,failed_filter,MetadataFilter__cloud_cover,MissingBandsFilter__required_bands,MissingBandsFilter__found_bands,MissingBandsFilter__missing_bands,MissingBandsFilter__found_count,MissingBandsFilter__required_count,TOAScalingFilter__band_file,TOAScalingFilter__dtype,TOAScalingFilter__min_dn,TOAScalingFilter__max_dn,TOAScalingFilter__dn_p9999,TOAScalingFilter__pct_above_ceiling,TOAScalingFilter__unique_values,TOAScalingFilter__quantification_value,TOAScalingFilter__radio_add_offset_xml,TOAScalingFilter__dn_ceiling,TOAScalingFilter__processing_baseline,TOAScalingFilter__metadata_source,NoDataFilter__unexpected_nodata_ratio,NoDataFilter__threshold,NoDataFilter__total_nodata_ratio,NoDataFilter__unique_values,NoDataFilter__saturated_ratio,BlurFilter__laplacian_variance,BlurFilter__threshold,BlurFilter__dn_range,StripeFilter__periodic_power_ratio,StripeFilter__peak_period_pixels,StripeFilter__threshold,StripeFilter__detrended_std,NoiseFilter__noise_std_ratio,NoiseFilter__noise_std,NoiseFilter__signal_median,NoiseFilter__threshold,dn_p05,dn_p25,dn_p75,dn_p95,dn_range,dn_iqr,dn_skew,inter_band_ratio_nir_red,StripeFilter__periodic_ratio
S2A_MSIL1C_20260406T100051_N0512_R122_T32SPF_20260406T151531.SAFE,clean,S2A_MSIL1C_20260406T100051_N0512_R122_T32SPF_20260406T151531.SAFE,0,,,,True,,0.0,"['B02', 'B03', 'B04', 'B08', 'B11']","['B02', 'B03', 'B04', 'B08', 'B11']",[],5.0,5.0,T32SPF_20260406T100051_B04.jp2,uint16,1010.0,17459.0,6118.0,7.465137806443907e-08,6503.0,10000.0,-1000.0,11200.0,5.12,MTD_MSIL1C.xml,0.0,0.05,0.0,6503.0,0.0,130.53509570278925,6.827,15786.0,0.013288549965481553,166.36363636363635,0.3,64.22804915948086,0.00046639182255603373,0.6123724579811096,1313.0,0.15,1234.0,1249.0,1955.0,3005.0,1771.0,706.0,1.7653809785842896,1.4371519088745117,
S2A_MSIL1C_20260409T101051_N0512_R022_T32SPF_20260409T152519.SAFE,clean,S2A_MSIL1C_20260409T101051_N0512_R022_T32SPF_20260409T152519.SAFE,0,,,,True,,2.499077303239,"['B02', 'B03', 'B04', 'B08', 'B11']","['B02', 'B03', 'B04', 'B08', 'B11']",[],5.0,5.0,T32SPF_20260409T101051_B04.jp2,uint16,0.0,14627.0,6399.0,9.84628203296404e-07,6134.0,10000.0,-1000.0,11200.0,5.12,MTD_MSIL1C.xml,0.0,0.05,0.8483663624208281,6134.0,0.0,41.32613800199851,6.827,14304.0,0.015305938380675142,60.32967032967033,0.3,45.616748496823725,0.0006147507228888571,0.7905694246292114,1286.0,0.15,1245.0,1311.0,2177.0,3272.0,2027.0,866.0,1.4764561653137207,1.4705227613449097,
S2A_MSIL1C_20260426T100051_N0512_R122_T32SPF_20260426T151525.SAFE,clean,S2A_MSIL1C_20260426T100051_N0512_R122_T32SPF_20260426T151525.SAFE,0,,,,True,,0.796231598435,"['B02', 'B03', 'B04', 'B08', 'B11']","['B02', 'B03', 'B04', 'B08', 'B11']",[],5.0,5.0,T32SPF_20260426T100051_B04.jp2,uint16,949.0,15647.0,6096.0,2.4883792688146358e-08,6251.0,10000.0,-1000.0,11200.0,5.12,MTD_MSIL1C.xml,0.0,0.05,0.0,6251.0,0.0,167.47773139297263,6.827,13321.0,0.013405917914904931,166.36363636363635,0.3,65.96534927342663,0.0005305834929458797,0.7905694246292114,1490.0,0.15,1303.0,1451.0,2102.0,3154.0,1851.0,651.0,1.8034718036651611,1.3776259422302246,
S2A_MSIL1C_20260506T100041_N0512_R122_T32SPF_20260506T151521.SAFE,clean,S2A_MSIL1C_20260506T100041_N0512_R122_T32SPF_20260506T151521.SAFE,0,,,,False,MetadataFilter,99.798799605841,,,,,,,,,,,,,,,,,,,,,,,,,,,,,,,,,,5025.0,6763.0,8508.0,9402.0,4377.0,1745.0,-0.8781238198280334,1.023634910583496,
S2A_MSIL1C_20260526T100041_N0512_R122_T32SPF_20260526T151555.SAFE,clean,S2A_MSIL1C_20260526T100041_N0512_R122_T32SPF_20260526T151555.SAFE,0,,,,True,,49.00779360387,"['B02', 'B03', 'B04', 'B08', 'B11']","['B02', 'B03', 'B04', 'B08', 'B11']",[],5.0,5.0,T32SPF_20260526T100041_B04.jp2,uint16,1284.0,19039.0,7165.0,1.6589195125430904e-07,7299.0,10000.0,-1000.0,11200.0,5.12,MTD_MSIL1C.xml,0.0,0.05,0.0,7299.0,0.0,106.3207925320987,6.827,13683.0,0.014821528731477358,166.36363636363635,0.3,72.26194576784798,0.0005826569395139813,1.2247449159622192,2102.0,0.15,1414.0,1675.0,2627.0,3404.0,1990.0,952.0,1.1173251867294312,1.196133017539978,
S2B_MSIL1C_20260412T101019_N0512_R022_T32SPF_20260412T134431.SAFE,clean,S2B_MSIL1C_20260412T101019_N0512_R022_T32SPF_20260412T134431.SAFE,0,,,,False,MetadataFilter,99.27468413664,,,,,,,,,,,,,,,,,,,,,,,,,,,,,,,,,,3067.0,5594.0,8754.0,9818.0,6751.0,3160.0,-0.5485103130340576,1.0619107484817505,
S2B_MSIL1C_20260509T100019_N0512_R122_T32SPF_20260509T133418.SAFE,clean,S2B_MSIL1C_20260509T100019_N0512_R122_T32SPF_20260509T133418.SAFE,0,,,,False,MetadataFilter,98.482934694975,,,,,,,,,,,,,,,,,,,,,,,,,,,,,,,,,,2039.0,2590.0,4742.0,7772.0,5733.0,2152.0,1.3544025421142578,1.0680761337280273,
S2B_MSIL1C_20260608T100029_N0512_R122_T32SPF_20260608T134034.SAFE,clean,S2B_MSIL1C_20260608T100029_N0512_R122_T32SPF_20260608T134034.SAFE,0,,,,False,MetadataFilter,91.974827555317,,,,,,,,,,,,,,,,,,,,,,,,,,,,,,,,,,1801.0,2430.0,6663.0,9227.0,7426.0,4233.0,0.5542232990264893,1.0424314737319946,
S2C_MSIL1C_20260524T100021_N0512_R122_T32SPF_20260524T133919.SAFE,clean,S2C_MSIL1C_20260524T100021_N0512_R122_T32SPF_20260524T133919.SAFE,0,,,,True,,0.505688435009,"['B02', 'B03', 'B04', 'B08', 'B11']","['B02', 'B03', 'B04', 'B08', 'B11']",[],5.0,5.0,T32SPF_20260524T100021_B04.jp2,uint16,993.0,16818.0,9421.0,1.6174465247295132e-06,9934.0,10000.0,-1000.0,11200.0,5.12,MTD_MSIL1C.xml,0.0,0.05,0.0,9934.0,0.0,168.5533084490954,6.827,13993.0,0.015564497245541358,166.36363636363635,0.3,73.26878111425047,0.0008176747360266745,1.2747548818588257,1559.0,0.15,1304.0,1517.0,2562.0,3539.0,2235.0,1045.0,1.8161554336547852,1.2300533056259155,
S2C_MSIL1C_20260613T100031_N0512_R122_T32SPF_20260613T133922.SAFE,clean,S2C_MSIL1C_20260613T100031_N0512_R122_T32SPF_20260613T133922.SAFE,0,,,,True,,0.030009853982,"['B02', 'B03', 'B04', 'B08', 'B11']","['B02', 'B03', 'B04', 'B08', 'B11']",[],5.0,5.0,T32SPF_20260613T100031_B04.jp2,uint16,1211.0,18024.0,6985.0,3.234893049459026e-07,7398.0,10000.0,-1000.0,11200.0,5.12,MTD_MSIL1C.xml,0.0,0.05,0.0,7398.0,0.0,134.28402513468814,6.827,16471.0,0.013769978609924412,69.49367088607595,0.3,77.29589195927997,0.0009742855909280479,1.701102614402771,1746.0,0.15,1438.0,1635.0,2808.0,3747.0,2309.0,1173.0,1.1665185689926147,1.1995022296905518,
S2A_MSIL1C_20240108T101401_N0510_R022_T32SPF_20240108T120827.SAFE,esa_ref,S2A_MSIL1C_20240108T101401_N0510_R022_T32SPF_20240108T120827.SAFE,0,,,,True,,40.040332186384,"['B02', 'B03', 'B04', 'B08', 'B11']","['B02', 'B03', 'B04', 'B08', 'B11']",[],5.0,5.0,T32SPF_20240108T101401_B04.jp2,uint16,0.0,22681.0,13275.019599996507,0.0024426166128661076,12746.0,10000.0,-1000.0,11200.0,5.1,MTD_MSIL1C.xml,0.0,0.05,0.7651815604460502,12746.0,0.0,22.91217842625441,6.827,16288.0,0.014532257901488547,148.37837837837836,0.3,99.22898181519278,0.0013160926755517721,2.1794495582580566,1656.0,0.15,1535.0,1923.0,3484.0,7097.0,5562.0,1561.0,2.0638985633850098,1.1648962497711182,
S2A_MSIL1C_20240115T100341_N0510_R122_T32SPF_20240115T105032.SAFE,esa_ref,S2A_MSIL1C_20240115T100341_N0510_R122_T32SPF_20240115T105032.SAFE,0,,,,True,,54.601988712712,"['B02', 'B03', 'B04', 'B08', 'B11']","['B02', 'B03', 'B04', 'B08', 'B11']",[],5.0,5.0,T32SPF_20240115T100341_B04.jp2,uint16,620.0,28000.0,8012.0,1.9907034150517086e-07,8711.0,10000.0,-1000.0,11200.0,5.1,MTD_MSIL1C.xml,0.0,0.05,0.0,8711.0,0.0,68.08975258869063,6.827,17062.0,0.013702518874554795,183.0,0.3,69.82401013895229,0.0008170413202606142,1.2247449159622192,1499.0,0.15,1401.0,1455.0,2283.0,3254.0,1853.0,828.0,1.742407202720642,1.18349289894104,
S2A_MSIL1C_20240118T101331_N0510_R022_T32SPF_20240118T121139.SAFE,esa_ref,S2A_MSIL1C_20240118T101331_N0510_R022_T32SPF_20240118T121139.SAFE,0,,,,True,,25.202529527726,"['B02', 'B03', 'B04', 'B08', 'B11']","['B02', 'B03', 'B04', 'B08', 'B11']",[],5.0,5.0,T32SPF_20240118T101331_B04.jp2,uint16,0.0,28000.0,5987.0,7.732988123777704e-07,5904.0,10000.0,-1000.0,11200.0,5.1,MTD_MSIL1C.xml,0.0,0.05,0.7532962150092402,5904.0,0.0,25.920219076894174,6.827,20346.0,0.01479401251128839,114.375,0.3,62.25248694690379,0.0007081108051352203,0.9354143738746643,1321.0,0.15,1312.0,1401.0,2676.0,3510.0,2198.0,1275.0,0.6635034084320068,1.3143807649612427,
S2A_MSIL1C_20240125T100311_N0510_R122_T32SPF_20240125T104959.SAFE,esa_ref,S2A_MSIL1C_20240125T100311_N0510_R122_T32SPF_20240125T104959.SAFE,0,,,,True,,0.109677804652,"['B02', 'B03', 'B04', 'B08', 'B11']","['B02', 'B03', 'B04', 'B08', 'B11']",[],5.0,5.0,T32SPF_20240125T100311_B04.jp2,uint16,253.0,28000.0,6063.0,8.460489513969761e-07,6921.0,10000.0,-1000.0,11200.0,5.1,MTD_MSIL1C.xml,0.0,0.05,0.0,6921.0,0.0,40.49008045759635,6.827,28736.0,0.014391673651974945,183.0,0.3,67.27756420917854,0.0006793132633902133,0.9354143738746643,1377.0,0.15,1293.0,1319.0,2079.0,3162.0,1869.0,760.0,1.6560142040252686,1.2873650789260864,
S2A_MSIL1C_20240315T100031_N0510_R122_T32SPF_20240315T120237.SAFE,esa_ref,S2A_MSIL1C_20240315T100031_N0510_R122_T32SPF_20240315T120237.SAFE,0,,,,True,,31.135566902565,"['B02', 'B03', 'B04', 'B08', 'B11']","['B02', 'B03', 'B04', 'B08', 'B11']",[],5.0,5.0,T32SPF_20240315T100031_B04.jp2,uint16,833.0,18295.0,11420.960099995136,0.00014749453386020617,11917.0,10000.0,-1000.0,11200.0,5.1,MTD_MSIL1C.xml,0.0,0.05,0.0,11917.0,0.0,146.76284431548058,6.827,13140.0,0.020528168402129243,85.78125,0.3,69.37622958537642,0.0005931680789217353,0.8660253882408142,1460.0,0.15,1291.0,1349.0,2384.0,4389.0,3098.0,1035.0,2.9542315006256104,1.2880582809448242,
S2A_MSIL1C_20240318T100731_N0510_R022_T32SPF_20240318T120956.SAFE,esa_ref,S2A_MSIL1C_20240318T100731_N0510_R022_T32SPF_20240318T120956.SAFE,0,,,,True,,0.281298576279,"['B02', 'B03', 'B04', 'B08', 'B11']","['B02', 'B03', 'B04', 'B08', 'B11']",[],5.0,5.0,T32SPF_20240318T100731_B04.jp2,uint16,0.0,21272.0,6264.510599996895,3.6463220734299987e-07,5996.0,10000.0,-1000.0,11200.0,5.1,MTD_MSIL1C.xml,0.0,0.05,0.7725215327752728,5996.0,0.0,26.92535529079182,6.827,21097.0,0.0157108891371549,114.375,0.3,60.33866166916,0.0006176323513500392,0.7905694246292114,1280.0,0.15,1233.0,1353.0,2511.0,3357.0,2124.0,1158.0,0.8890360593795776,1.5446604490280151,
S2A_MSIL1C_20240328T100631_N0510_R022_T32SPF_20240328T120957.SAFE,esa_ref,S2A_MSIL1C_20240328T100631_N0510_R022_T32SPF_20240328T120957.SAFE,0,,,,True,,2.419039325149,"['B02', 'B03', 'B04', 'B08', 'B11']","['B02', 'B03', 'B04', 'B08', 'B11']",[],5.0,5.0,T32SPF_20240328T100631_B04.jp2,uint16,0.0,23169.0,5623.0,1.549707926907413e-06,5030.0,10000.0,-1000.0,11200.0,5.1,MTD_MSIL1C.xml,0.0,0.05,0.7698484411133341,5030.0,0.0,11.298120211934036,6.827,24584.0,0.014573997780086882,183.0,0.3,63.813043415830364,0.0007702798466198146,1.2247449159622192,1590.0,0.15,1482.0,1640.0,2659.0,3332.0,1850.0,1019.0,0.7344144582748413,1.4406038522720337,
S2A_MSIL1C_20240404T100021_N0510_R122_T32SPF_20240404T134104.SAFE,esa_ref,S2A_MSIL1C_20240404T100021_N0510_R122_T32SPF_20240404T134104.SAFE,0,,,,False,NoiseFilter,0.0,"['B02', 'B03', 'B04', 'B08', 'B11']","['B02', 'B03', 'B04', 'B08', 'B11']",[],5.0,5.0,T32SPF_20240404T100021_B04.jp2,uint16,0.0,6920.0,5669.878999999724,0.0,4607.0,10000.0,-1000.0,11200.0,5.1,MTD_MSIL1C.xml,0.0,0.05,0.9784704927986304,4607.0,0.0,22.803339504273843,6.827,6793.0,,,,,,,,,1246.0,2537.0,3404.0,4034.0,2788.0,867.0,-0.5491780042648315,1.3544907569885254,0.0
S2A_MSIL1C_20240507T100601_N0510_R022_T32SPF_20240507T121117.SAFE,esa_ref,S2A_MSIL1C_20240507T100601_N0510_R022_T32SPF_20240507T121117.SAFE,1,geometric_quality,,,True,,11.283263765495,"['B02', 'B03', 'B04', 'B08', 'B11']","['B02', 'B03', 'B04', 'B08', 'B11']",[],5.0,5.0,T32SPF_20240507T100601_B04.jp2,uint16,0.0,20211.0,5863.0,7.288012487572117e-07,5254.0,10000.0,-1000.0,11200.0,5.1,MTD_MSIL1C.xml,0.0,0.05,0.7723769662343523,5254.0,0.0,14.199851294435716,6.827,21189.0,0.013903948111593385,114.375,0.3,70.88936752847289,0.0016451175324618816,3.278719186782837,1993.0,0.15,1864.0,2103.0,3038.0,3744.0,1880.0,935.0,0.7707968950271606,1.2341845035552979,
S2A_MSIL1C_20240603T100031_N0510_R122_T32SPF_20240603T134002.SAFE,esa_ref,S2A_MSIL1C_20240603T100031_N0510_R122_T32SPF_20240603T134002.SAFE,0,,,,True,,59.726805816835,"['B02', 'B03', 'B04', 'B08', 'B11']","['B02', 'B03', 'B04', 'B08', 'B11']",[],5.0,5.0,T32SPF_20240603T100031_B04.jp2,uint16,1311.0,16608.0,11639.0,0.00031749231090805934,11590.0,10000.0,-1000.0,11200.0,5.1,MTD_MSIL1C.xml,0.0,0.05,0.0,11590.0,0.0,66.45447483484595,6.827,12919.0,0.016932788455893282,203.33333333333334,0.3,99.21756105410212,0.0006505373166874051,2.0615527629852295,3169.0,0.15,1666.0,1889.0,4359.0,7912.0,6246.0,2470.0,1.2875821590423584,1.0760002136230469,
S2A_MSIL1C_20240606T100601_N0510_R022_T32SPF_20240606T153007.SAFE,esa_ref,S2A_MSIL1C_20240606T100601_N0510_R022_T32SPF_20240606T153007.SAFE,0,,,,True,,0.0,"['B02', 'B03', 'B04', 'B08', 'B11']","['B02', 'B03', 'B04', 'B08', 'B11']",[],5.0,5.0,T32SPF_20240606T100601_B04.jp2,uint16,0.0,21635.0,7153.0,9.663367093183065e-06,7516.0,10000.0,-1000.0,11200.0,5.1,MTD_MSIL1C.xml,0.0,0.05,0.7776861058855147,7516.0,0.0,32.22441136558878,6.827,20461.0,0.014153586577029732,166.36363636363635,0.3,78.67710996239676,0.0021279870998114347,5.7008771896362305,2679.0,0.15,1880.0,2569.0,3235.0,3924.0,2044.0,666.0,0.628211259841919,1.1906278133392334,
S2A_MSIL1C_20240613T100031_N0510_R122_T32SPF_20240613T134114.SAFE,esa_ref,S2A_MSIL1C_20240613T100031_N0510_R122_T32SPF_20240613T134114.SAFE,0,,,,True,,27.668547881394,"['B02', 'B03', 'B04', 'B08', 'B11']","['B02', 'B03', 'B04', 'B08', 'B11']",[],5.0,5.0,T32SPF_20240613T100031_B04.jp2,uint16,1351.0,19978.0,5974.0,7.465137806443907e-08,5671.0,10000.0,-1000.0,11200.0,5.1,MTD_MSIL1C.xml,0.0,0.05,0.0,5671.0,0.0,91.55667184223017,6.827,12779.0,0.014321609700334569,166.36363636363635,0.3,83.45511328588117,0.0010651769116520882,1.9364917278289795,1818.0,0.15,1691.0,1742.0,3037.0,3757.0,2066.0,1295.0,0.7860623002052307,1.1110080480575562,
S2A_MSIL1C_20240623T100031_N0510_R122_T32SPF_20240623T134011.SAFE,esa_ref,S2A_MSIL1C_20240623T100031_N0510_R122_T32SPF_20240623T134011.SAFE,0,,,,True,,21.62289109857,"['B02', 'B03', 'B04', 'B08', 'B11']","['B02', 'B03', 'B04', 'B08', 'B11']",[],5.0,5.0,T32SPF_20240623T100031_B04.jp2,uint16,1010.0,20591.0,6544.0,1.907757439424554e-07,6707.0,10000.0,-1000.0,11200.0,5.1,MTD_MSIL1C.xml,0.0,0.05,0.0,6707.0,0.0,119.12485923887017,6.827,13970.0,0.013150715105816963,610.0,0.3,81.99883009945823,0.0012725281994789839,3.570714235305786,2806.0,0.15,1537.0,1696.0,3069.0,3910.0,2373.0,1373.0,0.8778447508811951,1.1306737661361694,
S2A_MSIL1C_20240904T100551_N0511_R022_T32SPF_20240904T153022.SAFE,esa_ref,S2A_MSIL1C_20240904T100551_N0511_R022_T32SPF_20240904T153022.SAFE,0,,,,True,,27.043086407127,"['B02', 'B03', 'B04', 'B08', 'B11']","['B02', 'B03', 'B04', 'B08', 'B11']",[],5.0,5.0,T32SPF_20240904T100551_B04.jp2,uint16,0.0,18618.0,13621.0,0.0028451430075063233,13300.0,10000.0,-1000.0,11200.0,5.11,MTD_MSIL1C.xml,0.0,0.05,0.768911591202418,13300.0,0.0,18.578241212509827,6.827,15976.0,0.019999229867583353,114.375,0.3,101.2986603333186,0.000741371011827141,1.2247449159622192,1652.0,0.15,1704.0,1856.0,4040.0,8380.0,6676.0,2184.0,1.5546132326126099,1.0618573427200317,
S2A_MSIL1C_20240911T100021_N0511_R122_T32SPF_20240911T123232.SAFE,esa_ref,S2A_MSIL1C_20240911T100021_N0511_R122_T32SPF_20240911T123232.SAFE,0,,,,True,,23.250828630296,"['B02', 'B03', 'B04', 'B08', 'B11']","['B02', 'B03', 'B04', 'B08', 'B11']",[],5.0,5.0,T32SPF_20240911T100021_B04.jp2,uint16,1232.0,19864.0,13689.0,0.004910974084359375,13853.0,10000.0,-1000.0,11200.0,5.11,MTD_MSIL1C.xml,0.0,0.05,0.0,13853.0,0.0,134.43664808465653,6.827,15184.0,0.01917853463079382,81.94029850746269,0.3,126.99966570883582,0.0005955681554041803,1.6955825090408325,2847.0,0.15,1366.0,1435.0,3702.0,8211.0,6845.0,2267.0,1.7473188638687134,1.0634641647338867,
S2A_MSIL1C_20240914T100631_N0511_R022_T32SPF_20240914T135115.SAFE,esa_ref,S2A_MSIL1C_20240914T100631_N0511_R022_T32SPF_20240914T135115.SAFE,0,,,,True,,13.310078617466,"['B02', 'B03', 'B04', 'B08', 'B11']","['B02', 'B03', 'B04', 'B08', 'B11']",[],5.0,5.0,T32SPF_20240914T100631_B04.jp2,uint16,0.0,13048.0,10462.0,1.3747752312638476e-05,10177.0,10000.0,-1000.0,11200.0,5.11,MTD_MSIL1C.xml,0.0,0.05,0.7634899021569271,10177.0,0.0,66.43032348706963,6.827,12921.0,0.014851495979844826,107.64705882352942,0.3,110.36406632961038,0.0019564530812203884,3.1224989891052246,1596.0,0.15,1492.0,1779.0,3586.0,5821.0,4329.0,1807.0,1.5326255559921265,1.1602483987808228,
S2A_MSIL1C_20240921T100031_N0511_R122_T32SPF_20240921T120138.SAFE,esa_ref,S2A_MSIL1C_20240921T100031_N0511_R122_T32SPF_20240921T120138.SAFE,0,,,,True,,22.689300964496,"['B02', 'B03', 'B04', 'B08', 'B11']","['B02', 'B03', 'B04', 'B08', 'B11']",[],5.0,5.0,T32SPF_20240921T100031_B04.jp2,uint16,1250.0,10372.0,7862.0,0.0,8344.0,10000.0,-1000.0,11200.0,5.11,MTD_MSIL1C.xml,0.0,0.05,0.0,8344.0,0.0,267.70311919981305,6.827,9276.0,0.015439761027582061,101.66666666666667,0.3,74.63973993804576,0.0006920415326021612,1.0,1445.0,0.15,1305.0,1339.0,2792.0,3679.0,2374.0,1453.0,1.1118178367614746,1.1106016635894775,
S2A_MSIL1C_20241031T100141_N0511_R122_T32SPF_20241031T120422.SAFE,esa_ref,S2A_MSIL1C_20241031T100141_N0511_R122_T32SPF_20241031T120422.SAFE,1,general_quality,,,True,,11.690764131506,"['B02', 'B03', 'B04', 'B08', 'B11']","['B02', 'B03', 'B04', 'B08', 'B11']",[],5.0,5.0,T32SPF_20241031T100141_B04.jp2,uint16,1295.0,21878.0,11758.960099995136,0.0002645644838603721,12261.0,10000.0,-1000.0,11200.0,5.11,MTD_MSIL1C.xml,0.0,0.05,0.0,12261.0,0.0,91.27699894816118,6.827,18107.0,0.021208313126032777,99.81818181818183,0.3,81.31251533142212,0.0007002801285125315,1.0,1428.0,0.15,1365.0,1417.0,2929.0,5728.0,4363.0,1512.0,2.1390230655670166,1.0908926725387573,
S2A_MSIL1C_20250325T100701_N0511_R022_T32SPF_20250325T135043.SAFE,esa_ref,S2A_MSIL1C_20250325T100701_N0511_R022_T32SPF_20250325T135043.SAFE,1,general_quality,,,True,,23.891106935,"['B02', 'B03', 'B04', 'B08', 'B11']","['B02', 'B03', 'B04', 'B08', 'B11']",[],5.0,5.0,T32SPF_20250325T100701_B04.jp2,uint16,0.0,19571.0,11434.621399998665,0.00022203412420668134,10835.0,10000.0,-1000.0,11200.0,5.11,MTD_MSIL1C.xml,0.0,0.05,0.7571027717227216,10835.0,0.0,14.433445675255568,6.827,21853.0,0.025946200834626797,83.18181818181817,0.3,88.79382127207134,0.0013604554114863276,2.1794495582580566,1602.0,0.15,1579.0,1779.0,3669.0,8478.0,6899.0,1890.0,1.553733229637146,1.3024697303771973,
S2B_MSIL1C_20240103T101329_N0510_R022_T32SPF_20240103T110304.SAFE,esa_ref,S2B_MSIL1C_20240103T101329_N0510_R022_T32SPF_20240103T110304.SAFE,0,,,,True,,43.30720046268,"['B02', 'B03', 'B04', 'B08', 'B11']","['B02', 'B03', 'B04', 'B08', 'B11']",[],5.0,5.0,T32SPF_20240103T101329_B04.jp2,uint16,0.0,28000.0,6213.0,3.3720865126211086e-06,6348.0,10000.0,-1000.0,11200.0,5.1,MTD_MSIL1C.xml,0.0,0.05,0.7761598418717921,6348.0,0.0,17.54664397257559,6.827,25530.0,0.013401513561656659,119.34782608695653,0.3,63.31196199628454,0.0007204610737971961,1.0,1388.0,0.15,1383.0,1652.0,2750.0,3495.0,2112.0,1098.0,0.7336695790290833,1.2497248649597168,
S2B_MSIL1C_20240113T101309_N0510_R022_T32SPF_20240113T110023.SAFE,esa_ref,S2B_MSIL1C_20240113T101309_N0510_R022_T32SPF_20240113T110023.SAFE,0,,,,True,,7.51122466064,"['B02', 'B03', 'B04', 'B08', 'B11']","['B02', 'B03', 'B04', 'B08', 'B11']",[],5.0,5.0,T32SPF_20240113T101309_B04.jp2,uint16,0.0,28000.0,12558.647999998182,0.0007254934726639332,12381.0,10000.0,-1000.0,11200.0,5.1,MTD_MSIL1C.xml,0.0,0.05,0.765565467599643,12381.0,0.0,18.994497761337144,6.827,22554.0,0.0209537552436484,53.30097087378641,0.3,89.46076007372429,0.0014275371795520186,2.1213202476501465,1486.0,0.15,1339.0,1459.0,2797.0,5101.0,3762.0,1338.0,2.587221384048462,1.215043544769287,
S2B_MSIL1C_20240120T100239_N0510_R122_T32SPF_20240120T104942.SAFE,esa_ref,S2B_MSIL1C_20240120T100239_N0510_R122_T32SPF_20240120T104942.SAFE,0,,,,True,,37.647854519394,"['B02', 'B03', 'B04', 'B08', 'B11']","['B02', 'B03', 'B04', 'B08', 'B11']",[],5.0,5.0,T32SPF_20240120T100239_B04.jp2,uint16,1165.0,26480.0,17083.960099995136,0.012853532337318058,18623.0,10000.0,-1000.0,11200.0,5.1,MTD_MSIL1C.xml,0.0,0.05,0.0,18623.0,0.0,25.191402648978652,6.827,21003.0,0.01748883913323637,81.94029850746269,0.3,205.98303846476296,0.0006242749514058232,1.7320507764816284,2774.5,0.15,1528.0,1654.0,5489.0,9231.0,7703.0,3835.0,1.1936790943145752,1.0474311113357544,
S2B_MSIL1C_20240130T100149_N0510_R122_T32SPF_20240130T120156.SAFE,esa_ref,S2B_MSIL1C_20240130T100149_N0510_R122_T32SPF_20240130T120156.SAFE,0,,,,False,NoDataFilter,1.678500387523,"['B02', 'B03', 'B04', 'B08', 'B11']","['B02', 'B03', 'B04', 'B08', 'B11']",[],5.0,5.0,T32SPF_20240130T100149_B04.jp2,uint16,0.0,28000.0,10792.917599990964,5.610569651405389e-05,11577.0,10000.0,-1000.0,11200.0,5.1,MTD_MSIL1C.xml,0.05250127736802466,0.05,0.05250127736802466,11577.0,0.0,,,,,,,,,,,,1277.0,1296.0,2149.0,3406.0,2129.0,853.0,2.9044480323791504,1.2999427318572998,
S2B_MSIL1C_20240303T100819_N0510_R022_T32SPF_20240303T121438.SAFE,esa_ref,S2B_MSIL1C_20240303T100819_N0510_R022_T32SPF_20240303T121438.SAFE,0,,,,True,,6.390433892739,"['B02', 'B03', 'B04', 'B08', 'B11']","['B02', 'B03', 'B04', 'B08', 'B11']",[],5.0,5.0,T32SPF_20240303T100819_B04.jp2,uint16,0.0,12945.0,5353.0,3.5017713360126084e-08,4509.0,10000.0,-1000.0,11200.0,5.1,MTD_MSIL1C.xml,0.0,0.05,0.7631313764718763,4509.0,0.0,27.41719085202606,6.827,12715.0,0.014860715398916929,183.0,0.3,64.03851064960557,0.0007285811589099467,1.2247449159622192,1681.0,0.15,1662.0,1763.0,2612.0,3280.0,1618.0,849.0,0.9961484670639038,1.4474596977233887,
S2B_MSIL1C_20240313T100709_N0510_R022_T32SPF_20240313T121251.SAFE,esa_ref,S2B_MSIL1C_20240313T100709_N0510_R022_T32SPF_20240313T121251.SAFE,0,,,,True,,14.401874380282,"['B02', 'B03', 'B04', 'B08', 'B11']","['B02', 'B03', 'B04', 'B08', 'B11']",[],5.0,5.0,T32SPF_20240313T100709_B04.jp2,uint16,0.0,14410.0,11885.293299995363,0.0003470573867035115,11841.0,10000.0,-1000.0,11200.0,5.1,MTD_MSIL1C.xml,0.0,0.05,0.7618864237344932,11841.0,0.0,44.284230775605835,6.827,14487.0,0.019639537703852086,166.36363636363635,0.3,92.45813481931651,0.000897906837053597,1.2247449159622192,1364.0,0.15,1372.0,1601.0,3021.0,6643.0,5271.0,1420.0,2.177382707595825,1.3811964988708496,
S2B_MSIL1C_20240320T095649_N0510_R122_T32SPF_20240320T120139.SAFE,esa_ref,S2B_MSIL1C_20240320T095649_N0510_R122_T32SPF_20240320T120139.SAFE,0,,,,True,,5.706829108065,"['B02', 'B03', 'B04', 'B08', 'B11']","['B02', 'B03', 'B04', 'B08', 'B11']",[],5.0,5.0,T32SPF_20240320T095649_B04.jp2,uint16,1235.0,11915.0,8983.0,1.6589195125430905e-08,9459.0,10000.0,-1000.0,11200.0,5.1,MTD_MSIL1C.xml,0.0,0.05,0.0,9459.0,0.0,185.0280440670364,6.827,10148.0,0.016184593172389978,137.25,0.3,68.66436441154987,0.000493489031214267,0.7905694246292114,1602.0,0.15,1329.0,1429.0,2603.0,4425.0,3096.0,1174.0,2.049816370010376,1.2663662433624268,
S2B_MSIL1C_20240323T100649_N0510_R022_T32SPF_20240323T121051.SAFE,esa_ref,S2B_MSIL1C_20240323T100649_N0510_R022_T32SPF_20240323T121051.SAFE,0,,,,True,,32.410749045149,"['B02', 'B03', 'B04', 'B08', 'B11']","['B02', 'B03', 'B04', 'B08', 'B11']",[],5.0,5.0,T32SPF_20240323T100649_B04.jp2,uint16,0.0,15789.0,12019.108999997377,0.0006527015213671921,11652.0,10000.0,-1000.0,11200.0,5.1,MTD_MSIL1C.xml,0.0,0.05,0.7721564377689524,11652.0,0.0,36.57683537857183,6.827,15651.0,0.025413058850853393,101.66666666666667,0.3,117.87964018729676,0.0005998250562697649,0.7905694246292114,1318.0,0.15,1336.0,1526.0,4136.0,8080.0,6744.0,2610.0,1.3288322687149048,1.2195298671722412,
S2B_MSIL1C_20240409T095549_N0510_R122_T32SPF_20240409T120640.SAFE,esa_ref,S2B_MSIL1C_20240409T095549_N0510_R122_T32SPF_20240409T120640.SAFE,1,general_quality,,,False,MetadataFilter,98.213204335752,,,,,,,,,,,,,,,,,,,,,,,,,,,,,,,,,,1698.0,2558.0,3904.0,4938.0,3240.0,1346.0,0.1396304965019226,1.109212875366211,
S2B_MSIL1C_20240601T100559_N0510_R022_T32SPF_20240601T121029.SAFE,esa_ref,S2B_MSIL1C_20240601T100559_N0510_R022_T32SPF_20240601T121029.SAFE,0,,,,True,,31.005954733657,"['B02', 'B03', 'B04', 'B08', 'B11']","['B02', 'B03', 'B04', 'B08', 'B11']",[],5.0,5.0,T32SPF_20240601T100559_B04.jp2,uint16,0.0,13523.0,10876.0,4.2473005069138805e-05,10281.0,10000.0,-1000.0,11200.0,5.1,MTD_MSIL1C.xml,0.0,0.05,0.7687754022050358,10281.0,0.0,24.315095669566105,6.827,13861.0,0.01757832747022191,238.69565217391306,0.3,93.63733606120066,0.0011393707245588303,3.240370273590088,2844.0,0.15,2005.0,2441.0,3470.0,5393.0,3388.0,1029.0,2.4374358654022217,1.138672113418579,
S2B_MSIL1C_20240608T095549_N0510_R122_T32SPF_20240608T120316.SAFE,esa_ref,S2B_MSIL1C_20240608T095549_N0510_R122_T32SPF_20240608T120316.SAFE,0,,,,True,,0.989638388725,"['B02', 'B03', 'B04', 'B08', 'B11']","['B02', 'B03', 'B04', 'B08', 'B11']",[],5.0,5.0,T32SPF_20240608T095549_B04.jp2,uint16,1443.0,18606.0,5686.0,1.2441896344073178e-07,5391.0,10000.0,-1000.0,11200.0,5.1,MTD_MSIL1C.xml,0.0,0.05,0.0,5391.0,0.0,103.53637237434505,6.827,12662.0,0.01421197288652834,101.66666666666667,0.3,79.09251888758624,0.0009397996473126113,1.7320507764816284,1843.0,0.15,1556.0,1773.0,2886.0,3670.0,2114.0,1113.0,0.9528688192367554,1.1291522979736328,
S2B_MSIL1C_20240611T100559_N0510_R022_T32SPF_20240611T120915.SAFE,esa_ref,S2B_MSIL1C_20240611T100559_N0510_R022_T32SPF_20240611T120915.SAFE,0,,,,True,,0.0,"['B02', 'B03', 'B04', 'B08', 'B11']","['B02', 'B03', 'B04', 'B08', 'B11']",[],5.0,5.0,T32SPF_20240611T100559_B04.jp2,uint16,0.0,19959.0,6011.0,2.1750436013295488e-06,5811.0,10000.0,-1000.0,11200.0,5.1,MTD_MSIL1C.xml,0.0,0.05,0.7750016340357199,5811.0,0.0,23.480936128280746,6.827,17176.0,0.01409323988016069,166.36363636363635,0.3,76.9142538941726,0.002066186163574457,5.291502475738525,2561.0,0.15,2079.0,2430.0,3230.0,3781.0,1702.0,800.0,0.6360748410224915,1.1606218814849854,
S2B_MSIL1C_20240621T100559_N0510_R022_T32SPF_20240621T134952.SAFE,esa_ref,S2B_MSIL1C_20240621T100559_N0510_R022_T32SPF_20240621T134952.SAFE,0,,,,True,,0.0,"['B02', 'B03', 'B04', 'B08', 'B11']","['B02', 'B03', 'B04', 'B08', 'B11']",[],5.0,5.0,T32SPF_20240621T100559_B04.jp2,uint16,0.0,9368.0,4754.0,0.0,3556.0,10000.0,-1000.0,11200.0,5.1,MTD_MSIL1C.xml,0.0,0.05,0.76937476153032,3556.0,0.0,25.494318432891134,6.827,8785.0,0.013992336519450303,610.0,0.3,79.36096592454221,0.0008646778878755867,2.0,2313.0,0.15,2171.0,2414.0,3280.0,3652.0,1481.0,866.0,0.08609312027692795,1.1313514709472656,
S2B_MSIL1C_20240906T095549_N0511_R122_T32SPF_20240906T152044.SAFE,esa_ref,S2B_MSIL1C_20240906T095549_N0511_R122_T32SPF_20240906T152044.SAFE,0,,,,True,,0.008241512138,"['B02', 'B03', 'B04', 'B08', 'B11']","['B02', 'B03', 'B04', 'B08', 'B11']",[],5.0,5.0,T32SPF_20240906T095549_B04.jp2,uint16,1378.0,16730.0,5741.0,8.294597562715453e-09,6013.0,10000.0,-1000.0,11200.0,5.11,MTD_MSIL1C.xml,0.0,0.05,0.0,6013.0,0.0,352.2683203435622,6.827,6974.0,0.013670322995645995,166.36363636363635,0.3,75.63965762983285,0.0007999640074558556,1.2247449159622192,1531.0,0.15,1454.0,1485.0,2819.0,3574.0,2120.0,1334.0,0.8671332597732544,1.1034271717071533,
S2B_MSIL1C_20240909T100559_N0511_R022_T32SPF_20240909T124756.SAFE,esa_ref,S2B_MSIL1C_20240909T100559_N0511_R022_T32SPF_20240909T124756.SAFE,0,,,,True,,40.737983532193,"['B02', 'B03', 'B04', 'B08', 'B11']","['B02', 'B03', 'B04', 'B08', 'B11']",[],5.0,5.0,T32SPF_20240909T100559_B04.jp2,uint16,0.0,24128.0,13078.0,0.0030514556592530994,12892.0,10000.0,-1000.0,11200.0,5.11,MTD_MSIL1C.xml,0.0,0.05,0.7801892910109788,12892.0,0.0,20.403556457949538,6.827,18168.0,0.017239335871207028,84.46153846153845,0.3,119.19162604508296,0.002464354271069169,8.185352325439453,3321.5,0.15,1530.0,1919.0,5410.0,8801.0,7271.0,3491.0,0.9952090978622437,1.0568886995315552,
S2B_MSIL1C_20240916T100029_N0511_R122_T32SPF_20240916T134031.SAFE,esa_ref,S2B_MSIL1C_20240916T100029_N0511_R122_T32SPF_20240916T134031.SAFE,0,,,,True,,12.475290393861,"['B02', 'B03', 'B04', 'B08', 'B11']","['B02', 'B03', 'B04', 'B08', 'B11']",[],5.0,5.0,T32SPF_20240916T100029_B04.jp2,uint16,1071.0,16059.0,13081.960099995136,0.0012275174933062598,13573.0,10000.0,-1000.0,11200.0,5.11,MTD_MSIL1C.xml,0.0,0.05,0.0,13573.0,0.0,153.63886984445188,6.827,14708.0,0.03188263074857064,73.2,0.3,131.53774183540537,0.0007820582250133157,1.2747548818588257,1630.0,0.15,1306.0,1346.0,3192.0,6362.0,5056.0,1846.0,2.0483200550079346,1.0977160930633545,
S2B_MSIL1C_20240926T100029_N0511_R122_T32SPF_20240926T123754.SAFE,esa_ref,S2B_MSIL1C_20240926T100029_N0511_R122_T32SPF_20240926T123754.SAFE,0,,,,True,,0.077786735943,"['B02', 'B03', 'B04', 'B08', 'B11']","['B02', 'B03', 'B04', 'B08', 'B11']",[],5.0,5.0,T32SPF_20240926T100029_B04.jp2,uint16,1020.0,20568.0,7758.0,1.468143768600635e-06,9425.0,10000.0,-1000.0,11200.0,5.11,MTD_MSIL1C.xml,0.0,0.05,0.0,9425.0,0.0,206.5598397481972,6.827,11643.0,0.013504510416581034,101.66666666666667,0.3,73.30768930639903,0.0005646924255415797,0.7905694246292114,1400.0,0.15,1298.0,1317.0,2631.0,3477.0,2179.0,1314.0,1.0740653276443481,1.1322630643844604,
S2B_MSIL1C_20241125T100249_N0511_R122_T32SPF_20241125T120151.SAFE,esa_ref,S2B_MSIL1C_20241125T100249_N0511_R122_T32SPF_20241125T120151.SAFE,1,general_quality,,,True,,2.53934127624,"['B02', 'B03', 'B04', 'B08', 'B11']","['B02', 'B03', 'B04', 'B08', 'B11']",[],5.0,5.0,T32SPF_20241125T100249_B04.jp2,uint16,192.0,28000.0,12107.0,0.0002511438250038985,13332.0,10000.0,-1000.0,11200.0,5.11,MTD_MSIL1C.xml,0.0,0.05,0.0,13332.0,0.0,48.9294683162877,6.827,25589.0,0.013240001913262977,166.36363636363635,0.3,64.97904696635338,0.0004264128510840237,0.7905694246292114,1854.0,0.15,1313.0,1381.0,2377.0,3577.0,2264.0,996.0,3.176543712615967,1.2272371053695679,
S2B_MSIL1C_20241228T101339_N0511_R022_T32SPF_20241228T120532.SAFE,esa_ref,S2B_MSIL1C_20241228T101339_N0511_R022_T32SPF_20241228T120532.SAFE,1,general_quality,,,True,,2.480094783019,"['B02', 'B03', 'B04', 'B08', 'B11']","['B02', 'B03', 'B04', 'B08', 'B11']",[],5.0,5.0,T32SPF_20241228T101339_B04.jp2,uint16,0.0,28000.0,11881.0,0.00022910195069312823,11955.0,10000.0,-1000.0,11200.0,5.11,MTD_MSIL1C.xml,0.0,0.05,0.7703527526451471,11955.0,0.0,11.390248107764274,6.827,27419.0,0.022465574706903222,53.82352941176471,0.3,71.45830620483773,0.000965992861893028,1.4142135381698608,1464.0,0.15,1400.0,1567.0,2421.0,3603.0,2203.0,854.0,3.480750560760498,1.3258055448532104,
S2B_MSIL1C_20250124T100219_N0511_R122_T32SPF_20250124T133546.SAFE,esa_ref,S2B_MSIL1C_20250124T100219_N0511_R122_T32SPF_20250124T133546.SAFE,1,general_quality,,,True,,0.069724387112,"['B02', 'B03', 'B04', 'B08', 'B11']","['B02', 'B03', 'B04', 'B08', 'B11']",[],5.0,5.0,T32SPF_20250124T100219_B04.jp2,uint16,232.0,28000.0,7935.0,7.033818733182704e-06,10155.0,10000.0,-1000.0,11200.0,5.11,MTD_MSIL1C.xml,0.0,0.05,0.0,10155.0,0.0,29.40726268119095,6.827,29110.0,0.013624302307940147,171.5625,0.3,61.2937138623435,0.0006064603803679347,0.8660253882408142,1428.0,0.15,1379.0,1400.0,1954.0,2841.0,1462.0,554.0,2.3370301723480225,1.355336308479309,
S2C_MSIL1C_20241210T100441_N0511_R122_T32SPF_20260520T142112.SAFE,esa_ref,S2C_MSIL1C_20241210T100441_N0511_R122_T32SPF_20260520T142112.SAFE,0,,,,True,,0.0,"['B02', 'B03', 'B04', 'B08', 'B11']","['B02', 'B03', 'B04', 'B08', 'B11']",[],5.0,5.0,T32SPF_20241210T100441_B04.jp2,uint16,391.0,26375.0,5916.0,5.14265048888358e-07,6564.0,10000.0,-1000.0,11200.0,5.11,MTD_MSIL1C.xml,0.0,0.05,0.0,6564.0,0.0,95.75073443650506,6.827,17977.0,0.013654081152533836,166.36363636363635,0.3,62.71572637233726,0.000580447434913367,0.7905694246292114,1362.0,0.15,1295.0,1308.0,1973.0,2877.0,1582.0,665.0,1.7542296648025513,1.2999049425125122,
S2C_MSIL1C_20241210T100441_N9905_R122_T32SPF_20241210T120009.SAFE,esa_ref,S2C_MSIL1C_20241210T100441_N9905_R122_T32SPF_20241210T120009.SAFE,0,,,,True,,0.0,"['B02', 'B03', 'B04', 'B08', 'B11']","['B02', 'B03', 'B04', 'B08', 'B11']",[],5.0,5.0,T32SPF_20241210T100441_B04.jp2,uint16,534.0,28000.0,6000.0,5.557380367019353e-07,6659.0,10000.0,-1000.0,11200.0,99.05,MTD_MSIL1C.xml,0.0,0.05,0.0,6659.0,0.0,77.31497636005051,6.827,20235.0,0.013630805240237675,166.36363636363635,0.3,63.29835019778732,0.0005779016064479947,0.7905694246292114,1368.0,0.15,1301.0,1313.0,1989.0,2908.0,1607.0,676.0,1.7552982568740845,1.3028706312179565,
S2C_MSIL1C_20241213T101451_N0511_R022_T32SPF_20260430T194031.SAFE,esa_ref,S2C_MSIL1C_20241213T101451_N0511_R022_T32SPF_20260430T194031.SAFE,0,,,,True,,10.678777270541,"['B02', 'B03', 'B04', 'B08', 'B11']","['B02', 'B03', 'B04', 'B08', 'B11']",[],5.0,5.0,T32SPF_20241213T101451_B04.jp2,uint16,0.0,28000.0,12016.0,0.0002487300829878546,12064.0,10000.0,-1000.0,11200.0,5.11,MTD_MSIL1C.xml,0.0,0.05,0.7726347955049917,12064.0,0.0,24.247002398596905,6.827,18792.0,0.023490960718688902,70.38461538461539,0.3,83.08331525125737,0.002612663432955742,10.210289001464844,3908.0,0.15,1575.0,2007.0,3335.0,5583.0,4008.0,1328.0,1.7849489450454712,1.2088842391967773,
S2C_MSIL1C_20241213T101451_N9905_R022_T32SPF_20241213T121010.SAFE,esa_ref,S2C_MSIL1C_20241213T101451_N9905_R022_T32SPF_20241213T121010.SAFE,0,,,,True,,11.219362197564,"['B02', 'B03', 'B04', 'B08', 'B11']","['B02', 'B03', 'B04', 'B08', 'B11']",[],5.0,5.0,T32SPF_20241213T101451_B04.jp2,uint16,0.0,28000.0,12147.87029999867,0.0002837516122001957,12173.0,10000.0,-1000.0,11200.0,99.05,MTD_MSIL1C.xml,0.0,0.05,0.7726343144183331,12173.0,0.0,23.94006984020109,6.827,19159.0,0.023542762493000784,70.38461538461539,0.3,83.89902412373566,0.0026561450213193893,10.473179817199707,3943.0,0.15,1583.0,2020.0,3366.0,5640.0,4057.0,1346.0,1.7833211421966553,1.2094594240188599,
S2C_MSIL1C_20250201T101301_N0511_R022_T32SPF_20250201T122728.SAFE,esa_ref,S2C_MSIL1C_20250201T101301_N0511_R022_T32SPF_20250201T122728.SAFE,1,geometric_quality,,,False,MetadataFilter,99.996517555538,,,,,,,,,,,,,,,,,,,,,,,,,,,,,,,,,,1987.0,2497.0,9237.0,10754.0,8767.0,6740.0,-0.08337115496397018,1.029921054840088,
S2C_MSIL1C_20250303T100951_N0511_R022_T32SPF_20250303T135017.SAFE,esa_ref,S2C_MSIL1C_20250303T100951_N0511_R022_T32SPF_20250303T135017.SAFE,0,,,,False,BlurFilter,19.318375312717,"['B02', 'B03', 'B04', 'B08', 'B11']","['B02', 'B03', 'B04', 'B08', 'B11']",[],5.0,5.0,T32SPF_20250303T100951_B04.jp2,uint16,0.0,3871.0,3294.0,0.0,2145.0,10000.0,-1000.0,11200.0,5.11,MTD_MSIL1C.xml,0.0,0.05,0.9771168393601879,2145.0,0.0,4.085918692577468,6.827,3918.0,,,,,,,,,1360.0,1379.0,1494.0,2005.0,645.0,115.0,3.078089952468872,0.9711082577705383,
S2C_MSIL1C_20250303T100951_N0511_R022_T32SPF_20250303T142650.SAFE,esa_ref,S2C_MSIL1C_20250303T100951_N0511_R022_T32SPF_20250303T142650.SAFE,0,,,,True,,14.493802491243,"['B02', 'B03', 'B04', 'B08', 'B11']","['B02', 'B03', 'B04', 'B08', 'B11']",[],5.0,5.0,T32SPF_20250303T100951_B04.jp2,uint16,0.0,16410.0,11675.0,0.00023245519225776825,11587.0,10000.0,-1000.0,11200.0,5.11,MTD_MSIL1C.xml,0.0,0.05,0.7754496169554845,11587.0,0.0,29.118325682811143,6.827,15268.0,0.0274490043180615,84.46153846153845,0.3,82.36858538090976,0.0005626828642562032,0.7905694246292114,1405.0,0.15,1386.0,1559.0,2473.0,5599.0,4213.0,914.0,2.86470103263855,1.394567608833313,
S2C_MSIL1C_20250310T100051_N0511_R122_T32SPF_20250310T134532.SAFE,esa_ref,S2C_MSIL1C_20250310T100051_N0511_R122_T32SPF_20250310T134532.SAFE,0,,,,True,,19.915823106094,"['B02', 'B03', 'B04', 'B08', 'B11']","['B02', 'B03', 'B04', 'B08', 'B11']",[],5.0,5.0,T32SPF_20250310T100051_B04.jp2,uint16,1348.0,18635.0,11817.0,0.0003253390002023882,12045.0,10000.0,-1000.0,11200.0,5.11,MTD_MSIL1C.xml,0.0,0.05,0.0,12045.0,0.0,42.537901797823814,6.827,16464.0,0.017584749624272655,152.5,0.3,67.02031522391577,0.0005408969591371715,1.1180340051651,2067.0,0.15,1587.0,1814.0,2750.0,5635.0,4048.0,936.0,2.6960432529449463,1.2488309144973755,
S2C_MSIL1C_20250320T100051_N0511_R122_T32SPF_20250320T134551.SAFE,esa_ref,S2C_MSIL1C_20250320T100051_N0511_R122_T32SPF_20250320T134551.SAFE,0,,,,True,,10.831855236048,"['B02', 'B03', 'B04', 'B08', 'B11']","['B02', 'B03', 'B04', 'B08', 'B11']",[],5.0,5.0,T32SPF_20250320T100051_B04.jp2,uint16,1229.0,18403.0,10029.0,5.822807489026248e-06,10265.0,10000.0,-1000.0,11200.0,5.11,MTD_MSIL1C.xml,0.0,0.05,0.0,10265.0,0.0,221.6333600087513,6.827,11392.0,0.019471062587347397,105.57692307692308,0.3,76.21681975418812,0.0013744161697104573,2.6457512378692627,1925.0,0.15,1439.0,1531.0,2784.0,5540.0,4101.0,1253.0,1.996908187866211,1.2623776197433472,
BLUR_15_S2A_MSIL1C_20260406T100051_N0512_R122_T32SPF_20260406T151531.SAFE,synthetic,S2A_MSIL1C_20260406T100051_N0512_R122_T32SPF_20260406T151531.SAFE,1,BLUR_15,BLUR,15.0,False,MetadataFilter,,,,,,,,,,,,,,,,,,,,,,,,,,,,,,,,,,,,,,,,,,,
BLUR_15_S2A_MSIL1C_20260409T101051_N0512_R022_T32SPF_20260409T152519.SAFE,synthetic,S2A_MSIL1C_20260409T101051_N0512_R022_T32SPF_20260409T152519.SAFE,1,BLUR_15,BLUR,15.0,False,MetadataFilter,,,,,,,,,,,,,,,,,,,,,,,,,,,,,,,,,,,,,,,,,,,
BLUR_15_S2A_MSIL1C_20260426T100051_N0512_R122_T32SPF_20260426T151525.SAFE,synthetic,S2A_MSIL1C_20260426T100051_N0512_R122_T32SPF_20260426T151525.SAFE,1,BLUR_15,BLUR,15.0,False,MetadataFilter,,,,,,,,,,,,,,,,,,,,,,,,,,,,,,,,,,,,,,,,,,,
BLUR_15_S2A_MSIL1C_20260506T100041_N0512_R122_T32SPF_20260506T151521.SAFE,synthetic,S2A_MSIL1C_20260506T100041_N0512_R122_T32SPF_20260506T151521.SAFE,1,BLUR_15,BLUR,15.0,False,MetadataFilter,,,,,,,,,,,,,,,,,,,,,,,,,,,,,,,,,,,,,,,,,,,
BLUR_15_S2A_MSIL1C_20260526T100041_N0512_R122_T32SPF_20260526T151555.SAFE,synthetic,S2A_MSIL1C_20260526T100041_N0512_R122_T32SPF_20260526T151555.SAFE,1,BLUR_15,BLUR,15.0,False,MetadataFilter,,,,,,,,,,,,,,,,,,,,,,,,,,,,,,,,,,,,,,,,,,,
BLUR_15_S2B_MSIL1C_20260412T101019_N0512_R022_T32SPF_20260412T134431.SAFE,synthetic,S2B_MSIL1C_20260412T101019_N0512_R022_T32SPF_20260412T134431.SAFE,1,BLUR_15,BLUR,15.0,False,MetadataFilter,,,,,,,,,,,,,,,,,,,,,,,,,,,,,,,,,,,,,,,,,,,
BLUR_15_S2B_MSIL1C_20260509T100019_N0512_R122_T32SPF_20260509T133418.SAFE,synthetic,S2B_MSIL1C_20260509T100019_N0512_R122_T32SPF_20260509T133418.SAFE,1,BLUR_15,BLUR,15.0,False,MetadataFilter,,,,,,,,,,,,,,,,,,,,,,,,,,,,,,,,,,,,,,,,,,,
BLUR_15_S2B_MSIL1C_20260608T100029_N0512_R122_T32SPF_20260608T134034.SAFE,synthetic,S2B_MSIL1C_20260608T100029_N0512_R122_T32SPF_20260608T134034.SAFE,1,BLUR_15,BLUR,15.0,False,MetadataFilter,,,,,,,,,,,,,,,,,,,,,,,,,,,,,,,,,,,,,,,,,,,
BLUR_15_S2C_MSIL1C_20260524T100021_N0512_R122_T32SPF_20260524T133919.SAFE,synthetic,S2C_MSIL1C_20260524T100021_N0512_R122_T32SPF_20260524T133919.SAFE,1,BLUR_15,BLUR,15.0,False,MetadataFilter,,,,,,,,,,,,,,,,,,,,,,,,,,,,,,,,,,,,,,,,,,,
BLUR_15_S2C_MSIL1C_20260613T100031_N0512_R122_T32SPF_20260613T133922.SAFE,synthetic,S2C_MSIL1C_20260613T100031_N0512_R122_T32SPF_20260613T133922.SAFE,1,BLUR_15,BLUR,15.0,False,MetadataFilter,,,,,,,,,,,,,,,,,,,,,,,,,,,,,,,,,,,,,,,,,,,
BLUR_21_S2A_MSIL1C_20260406T100051_N0512_R122_T32SPF_20260406T151531.SAFE,synthetic,S2A_MSIL1C_20260406T100051_N0512_R122_T32SPF_20260406T151531.SAFE,1,BLUR_21,BLUR,21.0,False,MetadataFilter,,,,,,,,,,,,,,,,,,,,,,,,,,,,,,,,,,,,,,,,,,,
BLUR_21_S2A_MSIL1C_20260409T101051_N0512_R022_T32SPF_20260409T152519.SAFE,synthetic,S2A_MSIL1C_20260409T101051_N0512_R022_T32SPF_20260409T152519.SAFE,1,BLUR_21,BLUR,21.0,False,MetadataFilter,,,,,,,,,,,,,,,,,,,,,,,,,,,,,,,,,,,,,,,,,,,
BLUR_21_S2A_MSIL1C_20260426T100051_N0512_R122_T32SPF_20260426T151525.SAFE,synthetic,S2A_MSIL1C_20260426T100051_N0512_R122_T32SPF_20260426T151525.SAFE,1,BLUR_21,BLUR,21.0,False,MetadataFilter,,,,,,,,,,,,,,,,,,,,,,,,,,,,,,,,,,,,,,,,,,,
BLUR_21_S2A_MSIL1C_20260506T100041_N0512_R122_T32SPF_20260506T151521.SAFE,synthetic,S2A_MSIL1C_20260506T100041_N0512_R122_T32SPF_20260506T151521.SAFE,1,BLUR_21,BLUR,21.0,False,MetadataFilter,,,,,,,,,,,,,,,,,,,,,,,,,,,,,,,,,,,,,,,,,,,
BLUR_21_S2A_MSIL1C_20260526T100041_N0512_R122_T32SPF_20260526T151555.SAFE,synthetic,S2A_MSIL1C_20260526T100041_N0512_R122_T32SPF_20260526T151555.SAFE,1,BLUR_21,BLUR,21.0,False,MetadataFilter,,,,,,,,,,,,,,,,,,,,,,,,,,,,,,,,,,,,,,,,,,,
BLUR_21_S2B_MSIL1C_20260412T101019_N0512_R022_T32SPF_20260412T134431.SAFE,synthetic,S2B_MSIL1C_20260412T101019_N0512_R022_T32SPF_20260412T134431.SAFE,1,BLUR_21,BLUR,21.0,False,MetadataFilter,,,,,,,,,,,,,,,,,,,,,,,,,,,,,,,,,,,,,,,,,,,
BLUR_21_S2B_MSIL1C_20260509T100019_N0512_R122_T32SPF_20260509T133418.SAFE,synthetic,S2B_MSIL1C_20260509T100019_N0512_R122_T32SPF_20260509T133418.SAFE,1,BLUR_21,BLUR,21.0,False,MetadataFilter,,,,,,,,,,,,,,,,,,,,,,,,,,,,,,,,,,,,,,,,,,,
BLUR_21_S2B_MSIL1C_20260608T100029_N0512_R122_T32SPF_20260608T134034.SAFE,synthetic,S2B_MSIL1C_20260608T100029_N0512_R122_T32SPF_20260608T134034.SAFE,1,BLUR_21,BLUR,21.0,False,MetadataFilter,,,,,,,,,,,,,,,,,,,,,,,,,,,,,,,,,,,,,,,,,,,
BLUR_21_S2C_MSIL1C_20260524T100021_N0512_R122_T32SPF_20260524T133919.SAFE,synthetic,S2C_MSIL1C_20260524T100021_N0512_R122_T32SPF_20260524T133919.SAFE,1,BLUR_21,BLUR,21.0,False,MetadataFilter,,,,,,,,,,,,,,,,,,,,,,,,,,,,,,,,,,,,,,,,,,,
BLUR_21_S2C_MSIL1C_20260613T100031_N0512_R122_T32SPF_20260613T133922.SAFE,synthetic,S2C_MSIL1C_20260613T100031_N0512_R122_T32SPF_20260613T133922.SAFE,1,BLUR_21,BLUR,21.0,False,MetadataFilter,,,,,,,,,,,,,,,,,,,,,,,,,,,,,,,,,,,,,,,,,,,
BLUR_3_S2A_MSIL1C_20260406T100051_N0512_R122_T32SPF_20260406T151531.SAFE,synthetic,S2A_MSIL1C_20260406T100051_N0512_R122_T32SPF_20260406T151531.SAFE,1,BLUR_3,BLUR,3.0,False,MetadataFilter,,,,,,,,,,,,,,,,,,,,,,,,,,,,,,,,,,,,,,,,,,,
BLUR_3_S2A_MSIL1C_20260409T101051_N0512_R022_T32SPF_20260409T152519.SAFE,synthetic,S2A_MSIL1C_20260409T101051_N0512_R022_T32SPF_20260409T152519.SAFE,1,BLUR_3,BLUR,3.0,False,MetadataFilter,,,,,,,,,,,,,,,,,,,,,,,,,,,,,,,,,,,,,,,,,,,
BLUR_3_S2A_MSIL1C_20260426T100051_N0512_R122_T32SPF_20260426T151525.SAFE,synthetic,S2A_MSIL1C_20260426T100051_N0512_R122_T32SPF_20260426T151525.SAFE,1,BLUR_3,BLUR,3.0,False,MetadataFilter,,,,,,,,,,,,,,,,,,,,,,,,,,,,,,,,,,,,,,,,,,,
BLUR_3_S2A_MSIL1C_20260506T100041_N0512_R122_T32SPF_20260506T151521.SAFE,synthetic,S2A_MSIL1C_20260506T100041_N0512_R122_T32SPF_20260506T151521.SAFE,1,BLUR_3,BLUR,3.0,False,MetadataFilter,,,,,,,,,,,,,,,,,,,,,,,,,,,,,,,,,,,,,,,,,,,
BLUR_3_S2A_MSIL1C_20260526T100041_N0512_R122_T32SPF_20260526T151555.SAFE,synthetic,S2A_MSIL1C_20260526T100041_N0512_R122_T32SPF_20260526T151555.SAFE,1,BLUR_3,BLUR,3.0,False,MetadataFilter,,,,,,,,,,,,,,,,,,,,,,,,,,,,,,,,,,,,,,,,,,,
BLUR_3_S2B_MSIL1C_20260412T101019_N0512_R022_T32SPF_20260412T134431.SAFE,synthetic,S2B_MSIL1C_20260412T101019_N0512_R022_T32SPF_20260412T134431.SAFE,1,BLUR_3,BLUR,3.0,False,MetadataFilter,,,,,,,,,,,,,,,,,,,,,,,,,,,,,,,,,,,,,,,,,,,
BLUR_3_S2B_MSIL1C_20260509T100019_N0512_R122_T32SPF_20260509T133418.SAFE,synthetic,S2B_MSIL1C_20260509T100019_N0512_R122_T32SPF_20260509T133418.SAFE,1,BLUR_3,BLUR,3.0,False,MetadataFilter,,,,,,,,,,,,,,,,,,,,,,,,,,,,,,,,,,,,,,,,,,,
BLUR_3_S2B_MSIL1C_20260608T100029_N0512_R122_T32SPF_20260608T134034.SAFE,synthetic,S2B_MSIL1C_20260608T100029_N0512_R122_T32SPF_20260608T134034.SAFE,1,BLUR_3,BLUR,3.0,False,MetadataFilter,,,,,,,,,,,,,,,,,,,,,,,,,,,,,,,,,,,,,,,,,,,
BLUR_3_S2C_MSIL1C_20260524T100021_N0512_R122_T32SPF_20260524T133919.SAFE,synthetic,S2C_MSIL1C_20260524T100021_N0512_R122_T32SPF_20260524T133919.SAFE,1,BLUR_3,BLUR,3.0,False,MetadataFilter,,,,,,,,,,,,,,,,,,,,,,,,,,,,,,,,,,,,,,,,,,,
BLUR_3_S2C_MSIL1C_20260613T100031_N0512_R122_T32SPF_20260613T133922.SAFE,synthetic,S2C_MSIL1C_20260613T100031_N0512_R122_T32SPF_20260613T133922.SAFE,1,BLUR_3,BLUR,3.0,False,MetadataFilter,,,,,,,,,,,,,,,,,,,,,,,,,,,,,,,,,,,,,,,,,,,
BLUR_51_S2A_MSIL1C_20260406T100051_N0512_R122_T32SPF_20260406T151531.SAFE,synthetic,S2A_MSIL1C_20260406T100051_N0512_R122_T32SPF_20260406T151531.SAFE,1,BLUR_51,BLUR,51.0,False,MetadataFilter,,,,,,,,,,,,,,,,,,,,,,,,,,,,,,,,,,,,,,,,,,,
BLUR_51_S2A_MSIL1C_20260409T101051_N0512_R022_T32SPF_20260409T152519.SAFE,synthetic,S2A_MSIL1C_20260409T101051_N0512_R022_T32SPF_20260409T152519.SAFE,1,BLUR_51,BLUR,51.0,False,MetadataFilter,,,,,,,,,,,,,,,,,,,,,,,,,,,,,,,,,,,,,,,,,,,
BLUR_51_S2A_MSIL1C_20260426T100051_N0512_R122_T32SPF_20260426T151525.SAFE,synthetic,S2A_MSIL1C_20260426T100051_N0512_R122_T32SPF_20260426T151525.SAFE,1,BLUR_51,BLUR,51.0,False,MetadataFilter,,,,,,,,,,,,,,,,,,,,,,,,,,,,,,,,,,,,,,,,,,,
BLUR_51_S2A_MSIL1C_20260506T100041_N0512_R122_T32SPF_20260506T151521.SAFE,synthetic,S2A_MSIL1C_20260506T100041_N0512_R122_T32SPF_20260506T151521.SAFE,1,BLUR_51,BLUR,51.0,False,MetadataFilter,,,,,,,,,,,,,,,,,,,,,,,,,,,,,,,,,,,,,,,,,,,
BLUR_51_S2A_MSIL1C_20260526T100041_N0512_R122_T32SPF_20260526T151555.SAFE,synthetic,S2A_MSIL1C_20260526T100041_N0512_R122_T32SPF_20260526T151555.SAFE,1,BLUR_51,BLUR,51.0,False,MetadataFilter,,,,,,,,,,,,,,,,,,,,,,,,,,,,,,,,,,,,,,,,,,,
BLUR_51_S2B_MSIL1C_20260412T101019_N0512_R022_T32SPF_20260412T134431.SAFE,synthetic,S2B_MSIL1C_20260412T101019_N0512_R022_T32SPF_20260412T134431.SAFE,1,BLUR_51,BLUR,51.0,False,MetadataFilter,,,,,,,,,,,,,,,,,,,,,,,,,,,,,,,,,,,,,,,,,,,
BLUR_51_S2B_MSIL1C_20260509T100019_N0512_R122_T32SPF_20260509T133418.SAFE,synthetic,S2B_MSIL1C_20260509T100019_N0512_R122_T32SPF_20260509T133418.SAFE,1,BLUR_51,BLUR,51.0,False,MetadataFilter,,,,,,,,,,,,,,,,,,,,,,,,,,,,,,,,,,,,,,,,,,,
BLUR_51_S2B_MSIL1C_20260608T100029_N0512_R122_T32SPF_20260608T134034.SAFE,synthetic,S2B_MSIL1C_20260608T100029_N0512_R122_T32SPF_20260608T134034.SAFE,1,BLUR_51,BLUR,51.0,False,MetadataFilter,,,,,,,,,,,,,,,,,,,,,,,,,,,,,,,,,,,,,,,,,,,
BLUR_51_S2C_MSIL1C_20260524T100021_N0512_R122_T32SPF_20260524T133919.SAFE,synthetic,S2C_MSIL1C_20260524T100021_N0512_R122_T32SPF_20260524T133919.SAFE,1,BLUR_51,BLUR,51.0,False,MetadataFilter,,,,,,,,,,,,,,,,,,,,,,,,,,,,,,,,,,,,,,,,,,,
BLUR_51_S2C_MSIL1C_20260613T100031_N0512_R122_T32SPF_20260613T133922.SAFE,synthetic,S2C_MSIL1C_20260613T100031_N0512_R122_T32SPF_20260613T133922.SAFE,1,BLUR_51,BLUR,51.0,False,MetadataFilter,,,,,,,,,,,,,,,,,,,,,,,,,,,,,,,,,,,,,,,,,,,
BLUR_7_S2A_MSIL1C_20260406T100051_N0512_R122_T32SPF_20260406T151531.SAFE,synthetic,S2A_MSIL1C_20260406T100051_N0512_R122_T32SPF_20260406T151531.SAFE,1,BLUR_7,BLUR,7.0,False,MetadataFilter,,,,,,,,,,,,,,,,,,,,,,,,,,,,,,,,,,,,,,,,,,,
BLUR_7_S2A_MSIL1C_20260409T101051_N0512_R022_T32SPF_20260409T152519.SAFE,synthetic,S2A_MSIL1C_20260409T101051_N0512_R022_T32SPF_20260409T152519.SAFE,1,BLUR_7,BLUR,7.0,False,MetadataFilter,,,,,,,,,,,,,,,,,,,,,,,,,,,,,,,,,,,,,,,,,,,
BLUR_7_S2A_MSIL1C_20260426T100051_N0512_R122_T32SPF_20260426T151525.SAFE,synthetic,S2A_MSIL1C_20260426T100051_N0512_R122_T32SPF_20260426T151525.SAFE,1,BLUR_7,BLUR,7.0,False,MetadataFilter,,,,,,,,,,,,,,,,,,,,,,,,,,,,,,,,,,,,,,,,,,,
BLUR_7_S2A_MSIL1C_20260506T100041_N0512_R122_T32SPF_20260506T151521.SAFE,synthetic,S2A_MSIL1C_20260506T100041_N0512_R122_T32SPF_20260506T151521.SAFE,1,BLUR_7,BLUR,7.0,False,MetadataFilter,,,,,,,,,,,,,,,,,,,,,,,,,,,,,,,,,,,,,,,,,,,
BLUR_7_S2A_MSIL1C_20260526T100041_N0512_R122_T32SPF_20260526T151555.SAFE,synthetic,S2A_MSIL1C_20260526T100041_N0512_R122_T32SPF_20260526T151555.SAFE,1,BLUR_7,BLUR,7.0,False,MetadataFilter,,,,,,,,,,,,,,,,,,,,,,,,,,,,,,,,,,,,,,,,,,,
BLUR_7_S2B_MSIL1C_20260412T101019_N0512_R022_T32SPF_20260412T134431.SAFE,synthetic,S2B_MSIL1C_20260412T101019_N0512_R022_T32SPF_20260412T134431.SAFE,1,BLUR_7,BLUR,7.0,False,MetadataFilter,,,,,,,,,,,,,,,,,,,,,,,,,,,,,,,,,,,,,,,,,,,
BLUR_7_S2B_MSIL1C_20260509T100019_N0512_R122_T32SPF_20260509T133418.SAFE,synthetic,S2B_MSIL1C_20260509T100019_N0512_R122_T32SPF_20260509T133418.SAFE,1,BLUR_7,BLUR,7.0,False,MetadataFilter,,,,,,,,,,,,,,,,,,,,,,,,,,,,,,,,,,,,,,,,,,,
BLUR_7_S2B_MSIL1C_20260608T100029_N0512_R122_T32SPF_20260608T134034.SAFE,synthetic,S2B_MSIL1C_20260608T100029_N0512_R122_T32SPF_20260608T134034.SAFE,1,BLUR_7,BLUR,7.0,False,MetadataFilter,,,,,,,,,,,,,,,,,,,,,,,,,,,,,,,,,,,,,,,,,,,
BLUR_7_S2C_MSIL1C_20260524T100021_N0512_R122_T32SPF_20260524T133919.SAFE,synthetic,S2C_MSIL1C_20260524T100021_N0512_R122_T32SPF_20260524T133919.SAFE,1,BLUR_7,BLUR,7.0,False,MetadataFilter,,,,,,,,,,,,,,,,,,,,,,,,,,,,,,,,,,,,,,,,,,,
BLUR_7_S2C_MSIL1C_20260613T100031_N0512_R122_T32SPF_20260613T133922.SAFE,synthetic,S2C_MSIL1C_20260613T100031_N0512_R122_T32SPF_20260613T133922.SAFE,1,BLUR_7,BLUR,7.0,False,MetadataFilter,,,,,,,,,,,,,,,,,,,,,,,,,,,,,,,,,,,,,,,,,,,
FLAT_5000_S2A_MSIL1C_20260406T100051_N0512_R122_T32SPF_20260406T151531.SAFE,synthetic,S2A_MSIL1C_20260406T100051_N0512_R122_T32SPF_20260406T151531.SAFE,1,CORRUPTION_flat,CORRUPTION,,True,,0.0,"['B02', 'B03', 'B04', 'B08', 'B11']","['B02', 'B03', 'B04', 'B08', 'B11']",[],5.0,5.0,T32SPF_20260406T100051_B04.jp2,uint16,998.0,17465.0,6119.0,7.465137806443907e-08,6482.0,10000.0,-1000.0,11200.0,5.12,MTD_MSIL1C.xml,0.0,0.05,0.0,6482.0,0.0,115.4792983430796,6.827,12600.0,0.01328920100973826,166.36363636363635,0.3,64.22714942754816,0.0006021092412993312,0.7905694246292114,1313.0,0.15,1234.0,1249.0,1955.0,3005.0,1771.0,706.0,1.7654008865356445,1.4371533393859863,
FLAT_5000_S2A_MSIL1C_20260409T101051_N0512_R022_T32SPF_20260409T152519.SAFE,synthetic,S2A_MSIL1C_20260409T101051_N0512_R022_T32SPF_20260409T152519.SAFE,1,CORRUPTION_flat,CORRUPTION,,False,TOAScalingFilter,2.499077303239,"['B02', 'B03', 'B04', 'B08', 'B11']","['B02', 'B03', 'B04', 'B08', 'B11']",[],5.0,5.0,T32SPF_20260409T101051_B04.jp2,uint16,5000.0,5000.0,5000.0,0.0,1.0,10000.0,-1000.0,11200.0,5.12,MTD_MSIL1C.xml,,,,,,,,,,,,,,,,,5000.0,5000.0,5000.0,5000.0,0.0,0.0,1.0,0.5467602610588074,
FLAT_5000_S2A_MSIL1C_20260426T100051_N0512_R122_T32SPF_20260426T151525.SAFE,synthetic,S2A_MSIL1C_20260426T100051_N0512_R122_T32SPF_20260426T151525.SAFE,1,CORRUPTION_flat,CORRUPTION,,False,TOAScalingFilter,0.796231598435,"['B02', 'B03', 'B04', 'B08', 'B11']","['B02', 'B03', 'B04', 'B08', 'B11']",[],5.0,5.0,T32SPF_20260426T100051_B04.jp2,uint16,5000.0,5000.0,5000.0,0.0,1.0,10000.0,-1000.0,11200.0,5.12,MTD_MSIL1C.xml,,,,,,,,,,,,,,,,,5000.0,5000.0,5000.0,5000.0,0.0,0.0,1.0,0.5068157911300659,
FLAT_5000_S2A_MSIL1C_20260506T100041_N0512_R122_T32SPF_20260506T151521.SAFE,synthetic,S2A_MSIL1C_20260506T100041_N0512_R122_T32SPF_20260506T151521.SAFE,1,CORRUPTION_flat,CORRUPTION,,False,MetadataFilter,99.798799605841,,,,,,,,,,,,,,,,,,,,,,,,,,,,,,,,,,5000.0,5000.0,5000.0,5000.0,0.0,0.0,1.0,1.5422543287277222,
FLAT_5000_S2A_MSIL1C_20260526T100041_N0512_R122_T32SPF_20260526T151555.SAFE,synthetic,S2A_MSIL1C_20260526T100041_N0512_R122_T32SPF_20260526T151555.SAFE,1,CORRUPTION_flat,CORRUPTION,,False,TOAScalingFilter,49.00779360387,"['B02', 'B03', 'B04', 'B08', 'B11']","['B02', 'B03', 'B04', 'B08', 'B11']",[],5.0,5.0,T32SPF_20260526T100041_B04.jp2,uint16,5000.0,5000.0,5000.0,0.0,1.0,10000.0,-1000.0,11200.0,5.12,MTD_MSIL1C.xml,,,,,,,,,,,,,,,,,5000.0,5000.0,5000.0,5000.0,0.0,0.0,1.0,0.5241349935531616,
FLAT_5000_S2B_MSIL1C_20260412T101019_N0512_R022_T32SPF_20260412T134431.SAFE,synthetic,S2B_MSIL1C_20260412T101019_N0512_R022_T32SPF_20260412T134431.SAFE,1,CORRUPTION_flat,CORRUPTION,,False,MetadataFilter,99.27468413664,,,,,,,,,,,,,,,,,,,,,,,,,,,,,,,,,,5000.0,5000.0,5000.0,5000.0,0.0,0.0,1.0,1.506922960281372,
FLAT_5000_S2B_MSIL1C_20260509T100019_N0512_R122_T32SPF_20260509T133418.SAFE,synthetic,S2B_MSIL1C_20260509T100019_N0512_R122_T32SPF_20260509T133418.SAFE,1,CORRUPTION_flat,CORRUPTION,,False,MetadataFilter,98.482934694975,,,,,,,,,,,,,,,,,,,,,,,,,,,,,,,,,,5000.0,5000.0,5000.0,5000.0,0.0,0.0,1.0,0.8498756289482117,
FLAT_5000_S2B_MSIL1C_20260608T100029_N0512_R122_T32SPF_20260608T134034.SAFE,synthetic,S2B_MSIL1C_20260608T100029_N0512_R122_T32SPF_20260608T134034.SAFE,1,CORRUPTION_flat,CORRUPTION,,False,MetadataFilter,91.974827555317,,,,,,,,,,,,,,,,,,,,,,,,,,,,,,,,,,5000.0,5000.0,5000.0,5000.0,0.0,0.0,1.0,0.9818717837333679,
FLAT_5000_S2C_MSIL1C_20260524T100021_N0512_R122_T32SPF_20260524T133919.SAFE,synthetic,S2C_MSIL1C_20260524T100021_N0512_R122_T32SPF_20260524T133919.SAFE,1,CORRUPTION_flat,CORRUPTION,,False,TOAScalingFilter,0.505688435009,"['B02', 'B03', 'B04', 'B08', 'B11']","['B02', 'B03', 'B04', 'B08', 'B11']",[],5.0,5.0,T32SPF_20260524T100021_B04.jp2,uint16,5000.0,5000.0,5000.0,0.0,1.0,10000.0,-1000.0,11200.0,5.12,MTD_MSIL1C.xml,,,,,,,,,,,,,,,,,5000.0,5000.0,5000.0,5000.0,0.0,0.0,1.0,0.5082426071166992,
FLAT_5000_S2C_MSIL1C_20260613T100031_N0512_R122_T32SPF_20260613T133922.SAFE,synthetic,S2C_MSIL1C_20260613T100031_N0512_R122_T32SPF_20260613T133922.SAFE,1,CORRUPTION_flat,CORRUPTION,,False,TOAScalingFilter,0.030009853982,"['B02', 'B03', 'B04', 'B08', 'B11']","['B02', 'B03', 'B04', 'B08', 'B11']",[],5.0,5.0,T32SPF_20260613T100031_B04.jp2,uint16,5000.0,5000.0,5000.0,0.0,1.0,10000.0,-1000.0,11200.0,5.12,MTD_MSIL1C.xml,,,,,,,,,,,,,,,,,5000.0,5000.0,5000.0,5000.0,0.0,0.0,1.0,0.5283504128456116,
HAZE_0.2_S2A_MSIL1C_20260406T100051_N0512_R122_T32SPF_20260406T151531.SAFE,synthetic,HAZE_0.2_S2A_MSIL1C_20260406T100051_N0512_R122_T32SPF_20260406T151531.SAFE,1,,,,True,,0.0,"['B02', 'B03', 'B04', 'B08', 'B11']","['B02', 'B03', 'B04', 'B08', 'B11']",[],5.0,5.0,T32SPF_20260406T100051_B04.jp2,uint16,1010.0,17459.0,6118.0,7.465137806443907e-08,6503.0,10000.0,-1000.0,11200.0,5.12,MTD_MSIL1C.xml,0.0,0.05,0.0,6503.0,0.0,130.53509570278925,6.827,15786.0,0.013288549965481553,166.36363636363635,0.3,64.22804915948086,0.00046639182255603373,0.6123724579811096,1313.0,0.15,1234.0,1249.0,1955.0,3005.0,1771.0,706.0,1.7653809785842896,1.4371519088745117,
HAZE_0.5_S2A_MSIL1C_20260406T100051_N0512_R122_T32SPF_20260406T151531.SAFE,synthetic,HAZE_0.5_S2A_MSIL1C_20260406T100051_N0512_R122_T32SPF_20260406T151531.SAFE,1,,,,True,,0.0,"['B02', 'B03', 'B04', 'B08', 'B11']","['B02', 'B03', 'B04', 'B08', 'B11']",[],5.0,5.0,T32SPF_20260406T100051_B04.jp2,uint16,1010.0,17459.0,6118.0,7.465137806443907e-08,6503.0,10000.0,-1000.0,11200.0,5.12,MTD_MSIL1C.xml,0.0,0.05,0.0,6503.0,0.0,130.53509570278925,6.827,15786.0,0.013288549965481553,166.36363636363635,0.3,64.22804915948086,0.00046639182255603373,0.6123724579811096,1313.0,0.15,1234.0,1249.0,1955.0,3005.0,1771.0,706.0,1.7653809785842896,1.4371519088745117,
MISSING_B11_S2A_MSIL1C_20260406T100051_N0512_R122_T32SPF_20260406T151531.SAFE,synthetic,S2A_MSIL1C_20260406T100051_N0512_R122_T32SPF_20260406T151531.SAFE,1,CORRUPTION_missing_B11,CORRUPTION,,False,MissingBandsFilter,0.0,"['B02', 'B03', 'B04', 'B08', 'B11']","['B02', 'B03', 'B04', 'B08']",['B11'],4.0,5.0,,,,,,,,,,,,,,,,,,,,,,,,,,,,,1234.0,1249.0,1955.0,3005.0,1771.0,706.0,1.7653809785842896,1.4371519088745117,
MISSING_B11_S2A_MSIL1C_20260409T101051_N0512_R022_T32SPF_20260409T152519.SAFE,synthetic,S2A_MSIL1C_20260409T101051_N0512_R022_T32SPF_20260409T152519.SAFE,1,CORRUPTION_missing_B11,CORRUPTION,,False,MissingBandsFilter,2.499077303239,"['B02', 'B03', 'B04', 'B08', 'B11']","['B02', 'B03', 'B04', 'B08']",['B11'],4.0,5.0,,,,,,,,,,,,,,,,,,,,,,,,,,,,,1245.0,1311.0,2177.0,3272.0,2027.0,866.0,1.4764561653137207,1.4705227613449097,
MISSING_B11_S2A_MSIL1C_20260426T100051_N0512_R122_T32SPF_20260426T151525.SAFE,synthetic,S2A_MSIL1C_20260426T100051_N0512_R122_T32SPF_20260426T151525.SAFE,1,CORRUPTION_missing_B11,CORRUPTION,,False,MissingBandsFilter,0.796231598435,"['B02', 'B03', 'B04', 'B08', 'B11']","['B02', 'B03', 'B04', 'B08']",['B11'],4.0,5.0,,,,,,,,,,,,,,,,,,,,,,,,,,,,,1303.0,1451.0,2102.0,3154.0,1851.0,651.0,1.8034718036651611,1.3776259422302246,
MISSING_B11_S2A_MSIL1C_20260506T100041_N0512_R122_T32SPF_20260506T151521.SAFE,synthetic,S2A_MSIL1C_20260506T100041_N0512_R122_T32SPF_20260506T151521.SAFE,1,CORRUPTION_missing_B11,CORRUPTION,,False,MetadataFilter,99.798799605841,,,,,,,,,,,,,,,,,,,,,,,,,,,,,,,,,,5025.0,6763.0,8508.0,9402.0,4377.0,1745.0,-0.8781238198280334,1.023634910583496,
MISSING_B11_S2A_MSIL1C_20260526T100041_N0512_R122_T32SPF_20260526T151555.SAFE,synthetic,S2A_MSIL1C_20260526T100041_N0512_R122_T32SPF_20260526T151555.SAFE,1,CORRUPTION_missing_B11,CORRUPTION,,False,MissingBandsFilter,49.00779360387,"['B02', 'B03', 'B04', 'B08', 'B11']","['B02', 'B03', 'B04', 'B08']",['B11'],4.0,5.0,,,,,,,,,,,,,,,,,,,,,,,,,,,,,1414.0,1675.0,2627.0,3404.0,1990.0,952.0,1.1173251867294312,1.196133017539978,
MISSING_B11_S2B_MSIL1C_20260412T101019_N0512_R022_T32SPF_20260412T134431.SAFE,synthetic,S2B_MSIL1C_20260412T101019_N0512_R022_T32SPF_20260412T134431.SAFE,1,CORRUPTION_missing_B11,CORRUPTION,,False,MetadataFilter,99.27468413664,,,,,,,,,,,,,,,,,,,,,,,,,,,,,,,,,,3067.0,5594.0,8754.0,9818.0,6751.0,3160.0,-0.5485103130340576,1.0619107484817505,
MISSING_B11_S2B_MSIL1C_20260509T100019_N0512_R122_T32SPF_20260509T133418.SAFE,synthetic,S2B_MSIL1C_20260509T100019_N0512_R122_T32SPF_20260509T133418.SAFE,1,CORRUPTION_missing_B11,CORRUPTION,,False,MetadataFilter,98.482934694975,,,,,,,,,,,,,,,,,,,,,,,,,,,,,,,,,,2039.0,2590.0,4742.0,7772.0,5733.0,2152.0,1.3544025421142578,1.0680761337280273,
MISSING_B11_S2B_MSIL1C_20260608T100029_N0512_R122_T32SPF_20260608T134034.SAFE,synthetic,S2B_MSIL1C_20260608T100029_N0512_R122_T32SPF_20260608T134034.SAFE,1,CORRUPTION_missing_B11,CORRUPTION,,False,MetadataFilter,91.974827555317,,,,,,,,,,,,,,,,,,,,,,,,,,,,,,,,,,1801.0,2430.0,6663.0,9227.0,7426.0,4233.0,0.5542232990264893,1.0424314737319946,
MISSING_B11_S2C_MSIL1C_20260524T100021_N0512_R122_T32SPF_20260524T133919.SAFE,synthetic,S2C_MSIL1C_20260524T100021_N0512_R122_T32SPF_20260524T133919.SAFE,1,CORRUPTION_missing_B11,CORRUPTION,,False,MissingBandsFilter,0.505688435009,"['B02', 'B03', 'B04', 'B08', 'B11']","['B02', 'B03', 'B04', 'B08']",['B11'],4.0,5.0,,,,,,,,,,,,,,,,,,,,,,,,,,,,,1304.0,1517.0,2562.0,3539.0,2235.0,1045.0,1.8161554336547852,1.2300533056259155,
MISSING_B11_S2C_MSIL1C_20260613T100031_N0512_R122_T32SPF_20260613T133922.SAFE,synthetic,S2C_MSIL1C_20260613T100031_N0512_R122_T32SPF_20260613T133922.SAFE,1,CORRUPTION_missing_B11,CORRUPTION,,False,MissingBandsFilter,0.030009853982,"['B02', 'B03', 'B04', 'B08', 'B11']","['B02', 'B03', 'B04', 'B08']",['B11'],4.0,5.0,,,,,,,,,,,,,,,,,,,,,,,,,,,,,1438.0,1635.0,2808.0,3747.0,2309.0,1173.0,1.1665185689926147,1.1995022296905518,
NOISE_1000_S2A_MSIL1C_20260406T100051_N0512_R122_T32SPF_20260406T151531.SAFE,synthetic,S2A_MSIL1C_20260406T100051_N0512_R122_T32SPF_20260406T151531.SAFE,1,NOISE_1000,NOISE,1000.0,False,MetadataFilter,,,,,,,,,,,,,,,,,,,,,,,,,,,,,,,,,,,,,,,,,,,
NOISE_1000_S2A_MSIL1C_20260409T101051_N0512_R022_T32SPF_20260409T152519.SAFE,synthetic,S2A_MSIL1C_20260409T101051_N0512_R022_T32SPF_20260409T152519.SAFE,1,NOISE_1000,NOISE,1000.0,False,MetadataFilter,,,,,,,,,,,,,,,,,,,,,,,,,,,,,,,,,,,,,,,,,,,
NOISE_1000_S2A_MSIL1C_20260426T100051_N0512_R122_T32SPF_20260426T151525.SAFE,synthetic,S2A_MSIL1C_20260426T100051_N0512_R122_T32SPF_20260426T151525.SAFE,1,NOISE_1000,NOISE,1000.0,False,MetadataFilter,,,,,,,,,,,,,,,,,,,,,,,,,,,,,,,,,,,,,,,,,,,
NOISE_1000_S2A_MSIL1C_20260506T100041_N0512_R122_T32SPF_20260506T151521.SAFE,synthetic,S2A_MSIL1C_20260506T100041_N0512_R122_T32SPF_20260506T151521.SAFE,1,NOISE_1000,NOISE,1000.0,False,MetadataFilter,,,,,,,,,,,,,,,,,,,,,,,,,,,,,,,,,,,,,,,,,,,
NOISE_1000_S2A_MSIL1C_20260526T100041_N0512_R122_T32SPF_20260526T151555.SAFE,synthetic,S2A_MSIL1C_20260526T100041_N0512_R122_T32SPF_20260526T151555.SAFE,1,NOISE_1000,NOISE,1000.0,False,MetadataFilter,,,,,,,,,,,,,,,,,,,,,,,,,,,,,,,,,,,,,,,,,,,
NOISE_1000_S2B_MSIL1C_20260412T101019_N0512_R022_T32SPF_20260412T134431.SAFE,synthetic,S2B_MSIL1C_20260412T101019_N0512_R022_T32SPF_20260412T134431.SAFE,1,NOISE_1000,NOISE,1000.0,False,MetadataFilter,,,,,,,,,,,,,,,,,,,,,,,,,,,,,,,,,,,,,,,,,,,
NOISE_1000_S2B_MSIL1C_20260509T100019_N0512_R122_T32SPF_20260509T133418.SAFE,synthetic,S2B_MSIL1C_20260509T100019_N0512_R122_T32SPF_20260509T133418.SAFE,1,NOISE_1000,NOISE,1000.0,False,MetadataFilter,,,,,,,,,,,,,,,,,,,,,,,,,,,,,,,,,,,,,,,,,,,
NOISE_1000_S2B_MSIL1C_20260608T100029_N0512_R122_T32SPF_20260608T134034.SAFE,synthetic,S2B_MSIL1C_20260608T100029_N0512_R122_T32SPF_20260608T134034.SAFE,1,NOISE_1000,NOISE,1000.0,False,MetadataFilter,,,,,,,,,,,,,,,,,,,,,,,,,,,,,,,,,,,,,,,,,,,
NOISE_1000_S2C_MSIL1C_20260524T100021_N0512_R122_T32SPF_20260524T133919.SAFE,synthetic,S2C_MSIL1C_20260524T100021_N0512_R122_T32SPF_20260524T133919.SAFE,1,NOISE_1000,NOISE,1000.0,False,MetadataFilter,,,,,,,,,,,,,,,,,,,,,,,,,,,,,,,,,,,,,,,,,,,
NOISE_1000_S2C_MSIL1C_20260613T100031_N0512_R122_T32SPF_20260613T133922.SAFE,synthetic,S2C_MSIL1C_20260613T100031_N0512_R122_T32SPF_20260613T133922.SAFE,1,NOISE_1000,NOISE,1000.0,False,MetadataFilter,,,,,,,,,,,,,,,,,,,,,,,,,,,,,,,,,,,,,,,,,,,
NOISE_100_S2A_MSIL1C_20260406T100051_N0512_R122_T32SPF_20260406T151531.SAFE,synthetic,S2A_MSIL1C_20260406T100051_N0512_R122_T32SPF_20260406T151531.SAFE,1,NOISE_100,NOISE,100.0,False,MetadataFilter,,,,,,,,,,,,,,,,,,,,,,,,,,,,,,,,,,,,,,,,,,,
NOISE_100_S2A_MSIL1C_20260409T101051_N0512_R022_T32SPF_20260409T152519.SAFE,synthetic,S2A_MSIL1C_20260409T101051_N0512_R022_T32SPF_20260409T152519.SAFE,1,NOISE_100,NOISE,100.0,False,MetadataFilter,,,,,,,,,,,,,,,,,,,,,,,,,,,,,,,,,,,,,,,,,,,
NOISE_100_S2A_MSIL1C_20260426T100051_N0512_R122_T32SPF_20260426T151525.SAFE,synthetic,S2A_MSIL1C_20260426T100051_N0512_R122_T32SPF_20260426T151525.SAFE,1,NOISE_100,NOISE,100.0,False,MetadataFilter,,,,,,,,,,,,,,,,,,,,,,,,,,,,,,,,,,,,,,,,,,,
NOISE_100_S2A_MSIL1C_20260506T100041_N0512_R122_T32SPF_20260506T151521.SAFE,synthetic,S2A_MSIL1C_20260506T100041_N0512_R122_T32SPF_20260506T151521.SAFE,1,NOISE_100,NOISE,100.0,False,MetadataFilter,,,,,,,,,,,,,,,,,,,,,,,,,,,,,,,,,,,,,,,,,,,
NOISE_100_S2A_MSIL1C_20260526T100041_N0512_R122_T32SPF_20260526T151555.SAFE,synthetic,S2A_MSIL1C_20260526T100041_N0512_R122_T32SPF_20260526T151555.SAFE,1,NOISE_100,NOISE,100.0,False,MetadataFilter,,,,,,,,,,,,,,,,,,,,,,,,,,,,,,,,,,,,,,,,,,,
NOISE_100_S2B_MSIL1C_20260412T101019_N0512_R022_T32SPF_20260412T134431.SAFE,synthetic,S2B_MSIL1C_20260412T101019_N0512_R022_T32SPF_20260412T134431.SAFE,1,NOISE_100,NOISE,100.0,False,MetadataFilter,,,,,,,,,,,,,,,,,,,,,,,,,,,,,,,,,,,,,,,,,,,
NOISE_100_S2B_MSIL1C_20260509T100019_N0512_R122_T32SPF_20260509T133418.SAFE,synthetic,S2B_MSIL1C_20260509T100019_N0512_R122_T32SPF_20260509T133418.SAFE,1,NOISE_100,NOISE,100.0,False,MetadataFilter,,,,,,,,,,,,,,,,,,,,,,,,,,,,,,,,,,,,,,,,,,,
NOISE_100_S2B_MSIL1C_20260608T100029_N0512_R122_T32SPF_20260608T134034.SAFE,synthetic,S2B_MSIL1C_20260608T100029_N0512_R122_T32SPF_20260608T134034.SAFE,1,NOISE_100,NOISE,100.0,False,MetadataFilter,,,,,,,,,,,,,,,,,,,,,,,,,,,,,,,,,,,,,,,,,,,
NOISE_100_S2C_MSIL1C_20260524T100021_N0512_R122_T32SPF_20260524T133919.SAFE,synthetic,S2C_MSIL1C_20260524T100021_N0512_R122_T32SPF_20260524T133919.SAFE,1,NOISE_100,NOISE,100.0,False,MetadataFilter,,,,,,,,,,,,,,,,,,,,,,,,,,,,,,,,,,,,,,,,,,,
NOISE_100_S2C_MSIL1C_20260613T100031_N0512_R122_T32SPF_20260613T133922.SAFE,synthetic,S2C_MSIL1C_20260613T100031_N0512_R122_T32SPF_20260613T133922.SAFE,1,NOISE_100,NOISE,100.0,False,MetadataFilter,,,,,,,,,,,,,,,,,,,,,,,,,,,,,,,,,,,,,,,,,,,
NOISE_10_S2A_MSIL1C_20260406T100051_N0512_R122_T32SPF_20260406T151531.SAFE,synthetic,S2A_MSIL1C_20260406T100051_N0512_R122_T32SPF_20260406T151531.SAFE,1,NOISE_10,NOISE,10.0,False,MetadataFilter,,,,,,,,,,,,,,,,,,,,,,,,,,,,,,,,,,,,,,,,,,,
NOISE_10_S2A_MSIL1C_20260409T101051_N0512_R022_T32SPF_20260409T152519.SAFE,synthetic,S2A_MSIL1C_20260409T101051_N0512_R022_T32SPF_20260409T152519.SAFE,1,NOISE_10,NOISE,10.0,False,MetadataFilter,,,,,,,,,,,,,,,,,,,,,,,,,,,,,,,,,,,,,,,,,,,
NOISE_10_S2A_MSIL1C_20260426T100051_N0512_R122_T32SPF_20260426T151525.SAFE,synthetic,S2A_MSIL1C_20260426T100051_N0512_R122_T32SPF_20260426T151525.SAFE,1,NOISE_10,NOISE,10.0,False,MetadataFilter,,,,,,,,,,,,,,,,,,,,,,,,,,,,,,,,,,,,,,,,,,,
NOISE_10_S2A_MSIL1C_20260506T100041_N0512_R122_T32SPF_20260506T151521.SAFE,synthetic,S2A_MSIL1C_20260506T100041_N0512_R122_T32SPF_20260506T151521.SAFE,1,NOISE_10,NOISE,10.0,False,MetadataFilter,,,,,,,,,,,,,,,,,,,,,,,,,,,,,,,,,,,,,,,,,,,
NOISE_10_S2A_MSIL1C_20260526T100041_N0512_R122_T32SPF_20260526T151555.SAFE,synthetic,S2A_MSIL1C_20260526T100041_N0512_R122_T32SPF_20260526T151555.SAFE,1,NOISE_10,NOISE,10.0,False,MetadataFilter,,,,,,,,,,,,,,,,,,,,,,,,,,,,,,,,,,,,,,,,,,,
NOISE_10_S2B_MSIL1C_20260412T101019_N0512_R022_T32SPF_20260412T134431.SAFE,synthetic,S2B_MSIL1C_20260412T101019_N0512_R022_T32SPF_20260412T134431.SAFE,1,NOISE_10,NOISE,10.0,False,MetadataFilter,,,,,,,,,,,,,,,,,,,,,,,,,,,,,,,,,,,,,,,,,,,
NOISE_10_S2B_MSIL1C_20260509T100019_N0512_R122_T32SPF_20260509T133418.SAFE,synthetic,S2B_MSIL1C_20260509T100019_N0512_R122_T32SPF_20260509T133418.SAFE,1,NOISE_10,NOISE,10.0,False,MetadataFilter,,,,,,,,,,,,,,,,,,,,,,,,,,,,,,,,,,,,,,,,,,,
NOISE_10_S2B_MSIL1C_20260608T100029_N0512_R122_T32SPF_20260608T134034.SAFE,synthetic,S2B_MSIL1C_20260608T100029_N0512_R122_T32SPF_20260608T134034.SAFE,1,NOISE_10,NOISE,10.0,False,MetadataFilter,,,,,,,,,,,,,,,,,,,,,,,,,,,,,,,,,,,,,,,,,,,
NOISE_10_S2C_MSIL1C_20260524T100021_N0512_R122_T32SPF_20260524T133919.SAFE,synthetic,S2C_MSIL1C_20260524T100021_N0512_R122_T32SPF_20260524T133919.SAFE,1,NOISE_10,NOISE,10.0,False,MetadataFilter,,,,,,,,,,,,,,,,,,,,,,,,,,,,,,,,,,,,,,,,,,,
NOISE_10_S2C_MSIL1C_20260613T100031_N0512_R122_T32SPF_20260613T133922.SAFE,synthetic,S2C_MSIL1C_20260613T100031_N0512_R122_T32SPF_20260613T133922.SAFE,1,NOISE_10,NOISE,10.0,False,MetadataFilter,,,,,,,,,,,,,,,,,,,,,,,,,,,,,,,,,,,,,,,,,,,
NOISE_2000_S2A_MSIL1C_20260406T100051_N0512_R122_T32SPF_20260406T151531.SAFE,synthetic,,1,NOISE_severe,,,False,NoDataFilter,0.0,"['B02', 'B03', 'B04', 'B08', 'B11']","['B02', 'B03', 'B04', 'B08', 'B11']",[],5.0,5.0,T32SPF_20260406T100051_B04.jp2,uint16,0.0,15568.0,9878.0,9.377900059438291e-06,11838.0,10000.0,-1000.0,11200.0,5.12,MTD_MSIL1C.xml,0.11374756553561534,0.05,0.11374756553561534,11838.0,0.0,,,,,,,,,,,,75.0,782.0,3281.0,5285.0,5210.0,2499.0,0.7220944762229919,1.1034085750579834,
NOISE_250_S2A_MSIL1C_20260406T100051_N0512_R122_T32SPF_20260406T151531.SAFE,synthetic,S2A_MSIL1C_20260406T100051_N0512_R122_T32SPF_20260406T151531.SAFE,1,NOISE_250,NOISE,250.0,False,MetadataFilter,,,,,,,,,,,,,,,,,,,,,,,,,,,,,,,,,,,,,,,,,,,
NOISE_250_S2A_MSIL1C_20260409T101051_N0512_R022_T32SPF_20260409T152519.SAFE,synthetic,S2A_MSIL1C_20260409T101051_N0512_R022_T32SPF_20260409T152519.SAFE,1,NOISE_250,NOISE,250.0,False,MetadataFilter,,,,,,,,,,,,,,,,,,,,,,,,,,,,,,,,,,,,,,,,,,,
NOISE_250_S2A_MSIL1C_20260426T100051_N0512_R122_T32SPF_20260426T151525.SAFE,synthetic,S2A_MSIL1C_20260426T100051_N0512_R122_T32SPF_20260426T151525.SAFE,1,NOISE_250,NOISE,250.0,False,MetadataFilter,,,,,,,,,,,,,,,,,,,,,,,,,,,,,,,,,,,,,,,,,,,
NOISE_250_S2A_MSIL1C_20260506T100041_N0512_R122_T32SPF_20260506T151521.SAFE,synthetic,S2A_MSIL1C_20260506T100041_N0512_R122_T32SPF_20260506T151521.SAFE,1,NOISE_250,NOISE,250.0,False,MetadataFilter,,,,,,,,,,,,,,,,,,,,,,,,,,,,,,,,,,,,,,,,,,,
NOISE_250_S2A_MSIL1C_20260526T100041_N0512_R122_T32SPF_20260526T151555.SAFE,synthetic,S2A_MSIL1C_20260526T100041_N0512_R122_T32SPF_20260526T151555.SAFE,1,NOISE_250,NOISE,250.0,False,MetadataFilter,,,,,,,,,,,,,,,,,,,,,,,,,,,,,,,,,,,,,,,,,,,
NOISE_250_S2B_MSIL1C_20260412T101019_N0512_R022_T32SPF_20260412T134431.SAFE,synthetic,S2B_MSIL1C_20260412T101019_N0512_R022_T32SPF_20260412T134431.SAFE,1,NOISE_250,NOISE,250.0,False,MetadataFilter,,,,,,,,,,,,,,,,,,,,,,,,,,,,,,,,,,,,,,,,,,,
NOISE_250_S2B_MSIL1C_20260509T100019_N0512_R122_T32SPF_20260509T133418.SAFE,synthetic,S2B_MSIL1C_20260509T100019_N0512_R122_T32SPF_20260509T133418.SAFE,1,NOISE_250,NOISE,250.0,False,MetadataFilter,,,,,,,,,,,,,,,,,,,,,,,,,,,,,,,,,,,,,,,,,,,
NOISE_250_S2B_MSIL1C_20260608T100029_N0512_R122_T32SPF_20260608T134034.SAFE,synthetic,S2B_MSIL1C_20260608T100029_N0512_R122_T32SPF_20260608T134034.SAFE,1,NOISE_250,NOISE,250.0,False,MetadataFilter,,,,,,,,,,,,,,,,,,,,,,,,,,,,,,,,,,,,,,,,,,,
NOISE_250_S2C_MSIL1C_20260524T100021_N0512_R122_T32SPF_20260524T133919.SAFE,synthetic,S2C_MSIL1C_20260524T100021_N0512_R122_T32SPF_20260524T133919.SAFE,1,NOISE_250,NOISE,250.0,False,MetadataFilter,,,,,,,,,,,,,,,,,,,,,,,,,,,,,,,,,,,,,,,,,,,
NOISE_250_S2C_MSIL1C_20260613T100031_N0512_R122_T32SPF_20260613T133922.SAFE,synthetic,S2C_MSIL1C_20260613T100031_N0512_R122_T32SPF_20260613T133922.SAFE,1,NOISE_250,NOISE,250.0,False,MetadataFilter,,,,,,,,,,,,,,,,,,,,,,,,,,,,,,,,,,,,,,,,,,,
NOISE_500_S2A_MSIL1C_20260406T100051_N0512_R122_T32SPF_20260406T151531.SAFE,synthetic,S2A_MSIL1C_20260406T100051_N0512_R122_T32SPF_20260406T151531.SAFE,1,NOISE_500,NOISE,500.0,False,MetadataFilter,,,,,,,,,,,,,,,,,,,,,,,,,,,,,,,,,,,,,,,,,,,
NOISE_500_S2A_MSIL1C_20260409T101051_N0512_R022_T32SPF_20260409T152519.SAFE,synthetic,S2A_MSIL1C_20260409T101051_N0512_R022_T32SPF_20260409T152519.SAFE,1,NOISE_500,NOISE,500.0,False,MetadataFilter,,,,,,,,,,,,,,,,,,,,,,,,,,,,,,,,,,,,,,,,,,,
NOISE_500_S2A_MSIL1C_20260426T100051_N0512_R122_T32SPF_20260426T151525.SAFE,synthetic,S2A_MSIL1C_20260426T100051_N0512_R122_T32SPF_20260426T151525.SAFE,1,NOISE_500,NOISE,500.0,False,MetadataFilter,,,,,,,,,,,,,,,,,,,,,,,,,,,,,,,,,,,,,,,,,,,
NOISE_500_S2A_MSIL1C_20260506T100041_N0512_R122_T32SPF_20260506T151521.SAFE,synthetic,S2A_MSIL1C_20260506T100041_N0512_R122_T32SPF_20260506T151521.SAFE,1,NOISE_500,NOISE,500.0,False,MetadataFilter,,,,,,,,,,,,,,,,,,,,,,,,,,,,,,,,,,,,,,,,,,,
NOISE_500_S2A_MSIL1C_20260526T100041_N0512_R122_T32SPF_20260526T151555.SAFE,synthetic,S2A_MSIL1C_20260526T100041_N0512_R122_T32SPF_20260526T151555.SAFE,1,NOISE_500,NOISE,500.0,False,MetadataFilter,,,,,,,,,,,,,,,,,,,,,,,,,,,,,,,,,,,,,,,,,,,
NOISE_500_S2B_MSIL1C_20260412T101019_N0512_R022_T32SPF_20260412T134431.SAFE,synthetic,S2B_MSIL1C_20260412T101019_N0512_R022_T32SPF_20260412T134431.SAFE,1,NOISE_500,NOISE,500.0,False,MetadataFilter,,,,,,,,,,,,,,,,,,,,,,,,,,,,,,,,,,,,,,,,,,,
NOISE_500_S2B_MSIL1C_20260509T100019_N0512_R122_T32SPF_20260509T133418.SAFE,synthetic,S2B_MSIL1C_20260509T100019_N0512_R122_T32SPF_20260509T133418.SAFE,1,NOISE_500,NOISE,500.0,False,MetadataFilter,,,,,,,,,,,,,,,,,,,,,,,,,,,,,,,,,,,,,,,,,,,
NOISE_500_S2B_MSIL1C_20260608T100029_N0512_R122_T32SPF_20260608T134034.SAFE,synthetic,S2B_MSIL1C_20260608T100029_N0512_R122_T32SPF_20260608T134034.SAFE,1,NOISE_500,NOISE,500.0,False,MetadataFilter,,,,,,,,,,,,,,,,,,,,,,,,,,,,,,,,,,,,,,,,,,,
NOISE_500_S2C_MSIL1C_20260524T100021_N0512_R122_T32SPF_20260524T133919.SAFE,synthetic,S2C_MSIL1C_20260524T100021_N0512_R122_T32SPF_20260524T133919.SAFE,1,NOISE_500,NOISE,500.0,False,MetadataFilter,,,,,,,,,,,,,,,,,,,,,,,,,,,,,,,,,,,,,,,,,,,
NOISE_500_S2C_MSIL1C_20260613T100031_N0512_R122_T32SPF_20260613T133922.SAFE,synthetic,S2C_MSIL1C_20260613T100031_N0512_R122_T32SPF_20260613T133922.SAFE,1,NOISE_500,NOISE,500.0,False,MetadataFilter,,,,,,,,,,,,,,,,,,,,,,,,,,,,,,,,,,,,,,,,,,,
NOISE_50_S2A_MSIL1C_20260406T100051_N0512_R122_T32SPF_20260406T151531.SAFE,synthetic,S2A_MSIL1C_20260406T100051_N0512_R122_T32SPF_20260406T151531.SAFE,1,NOISE_50,NOISE,50.0,False,MetadataFilter,,,,,,,,,,,,,,,,,,,,,,,,,,,,,,,,,,,,,,,,,,,
NOISE_50_S2A_MSIL1C_20260409T101051_N0512_R022_T32SPF_20260409T152519.SAFE,synthetic,S2A_MSIL1C_20260409T101051_N0512_R022_T32SPF_20260409T152519.SAFE,1,NOISE_50,NOISE,50.0,False,MetadataFilter,,,,,,,,,,,,,,,,,,,,,,,,,,,,,,,,,,,,,,,,,,,
NOISE_50_S2A_MSIL1C_20260426T100051_N0512_R122_T32SPF_20260426T151525.SAFE,synthetic,S2A_MSIL1C_20260426T100051_N0512_R122_T32SPF_20260426T151525.SAFE,1,NOISE_50,NOISE,50.0,False,MetadataFilter,,,,,,,,,,,,,,,,,,,,,,,,,,,,,,,,,,,,,,,,,,,
NOISE_50_S2A_MSIL1C_20260506T100041_N0512_R122_T32SPF_20260506T151521.SAFE,synthetic,S2A_MSIL1C_20260506T100041_N0512_R122_T32SPF_20260506T151521.SAFE,1,NOISE_50,NOISE,50.0,False,MetadataFilter,,,,,,,,,,,,,,,,,,,,,,,,,,,,,,,,,,,,,,,,,,,
NOISE_50_S2A_MSIL1C_20260526T100041_N0512_R122_T32SPF_20260526T151555.SAFE,synthetic,S2A_MSIL1C_20260526T100041_N0512_R122_T32SPF_20260526T151555.SAFE,1,NOISE_50,NOISE,50.0,False,MetadataFilter,,,,,,,,,,,,,,,,,,,,,,,,,,,,,,,,,,,,,,,,,,,
NOISE_50_S2B_MSIL1C_20260412T101019_N0512_R022_T32SPF_20260412T134431.SAFE,synthetic,S2B_MSIL1C_20260412T101019_N0512_R022_T32SPF_20260412T134431.SAFE,1,NOISE_50,NOISE,50.0,False,MetadataFilter,,,,,,,,,,,,,,,,,,,,,,,,,,,,,,,,,,,,,,,,,,,
NOISE_50_S2B_MSIL1C_20260509T100019_N0512_R122_T32SPF_20260509T133418.SAFE,synthetic,S2B_MSIL1C_20260509T100019_N0512_R122_T32SPF_20260509T133418.SAFE,1,NOISE_50,NOISE,50.0,False,MetadataFilter,,,,,,,,,,,,,,,,,,,,,,,,,,,,,,,,,,,,,,,,,,,
NOISE_50_S2B_MSIL1C_20260608T100029_N0512_R122_T32SPF_20260608T134034.SAFE,synthetic,S2B_MSIL1C_20260608T100029_N0512_R122_T32SPF_20260608T134034.SAFE,1,NOISE_50,NOISE,50.0,False,MetadataFilter,,,,,,,,,,,,,,,,,,,,,,,,,,,,,,,,,,,,,,,,,,,
NOISE_50_S2C_MSIL1C_20260524T100021_N0512_R122_T32SPF_20260524T133919.SAFE,synthetic,S2C_MSIL1C_20260524T100021_N0512_R122_T32SPF_20260524T133919.SAFE,1,NOISE_50,NOISE,50.0,False,MetadataFilter,,,,,,,,,,,,,,,,,,,,,,,,,,,,,,,,,,,,,,,,,,,
NOISE_50_S2C_MSIL1C_20260613T100031_N0512_R122_T32SPF_20260613T133922.SAFE,synthetic,S2C_MSIL1C_20260613T100031_N0512_R122_T32SPF_20260613T133922.SAFE,1,NOISE_50,NOISE,50.0,False,MetadataFilter,,,,,,,,,,,,,,,,,,,,,,,,,,,,,,,,,,,,,,,,,,,
STRIPE_1000_S2A_MSIL1C_20260406T100051_N0512_R122_T32SPF_20260406T151531.SAFE,synthetic,S2A_MSIL1C_20260406T100051_N0512_R122_T32SPF_20260406T151531.SAFE,1,STRIPE_1000,STRIPE,1000.0,False,MetadataFilter,,,,,,,,,,,,,,,,,,,,,,,,,,,,,,,,,,,,,,,,,,,
STRIPE_1000_S2A_MSIL1C_20260409T101051_N0512_R022_T32SPF_20260409T152519.SAFE,synthetic,S2A_MSIL1C_20260409T101051_N0512_R022_T32SPF_20260409T152519.SAFE,1,STRIPE_1000,STRIPE,1000.0,False,MetadataFilter,,,,,,,,,,,,,,,,,,,,,,,,,,,,,,,,,,,,,,,,,,,
STRIPE_1000_S2A_MSIL1C_20260426T100051_N0512_R122_T32SPF_20260426T151525.SAFE,synthetic,S2A_MSIL1C_20260426T100051_N0512_R122_T32SPF_20260426T151525.SAFE,1,STRIPE_1000,STRIPE,1000.0,False,MetadataFilter,,,,,,,,,,,,,,,,,,,,,,,,,,,,,,,,,,,,,,,,,,,
STRIPE_1000_S2A_MSIL1C_20260506T100041_N0512_R122_T32SPF_20260506T151521.SAFE,synthetic,S2A_MSIL1C_20260506T100041_N0512_R122_T32SPF_20260506T151521.SAFE,1,STRIPE_1000,STRIPE,1000.0,False,MetadataFilter,,,,,,,,,,,,,,,,,,,,,,,,,,,,,,,,,,,,,,,,,,,
STRIPE_1000_S2A_MSIL1C_20260526T100041_N0512_R122_T32SPF_20260526T151555.SAFE,synthetic,S2A_MSIL1C_20260526T100041_N0512_R122_T32SPF_20260526T151555.SAFE,1,STRIPE_1000,STRIPE,1000.0,False,MetadataFilter,,,,,,,,,,,,,,,,,,,,,,,,,,,,,,,,,,,,,,,,,,,
STRIPE_1000_S2B_MSIL1C_20260412T101019_N0512_R022_T32SPF_20260412T134431.SAFE,synthetic,S2B_MSIL1C_20260412T101019_N0512_R022_T32SPF_20260412T134431.SAFE,1,STRIPE_1000,STRIPE,1000.0,False,MetadataFilter,,,,,,,,,,,,,,,,,,,,,,,,,,,,,,,,,,,,,,,,,,,
STRIPE_1000_S2B_MSIL1C_20260509T100019_N0512_R122_T32SPF_20260509T133418.SAFE,synthetic,S2B_MSIL1C_20260509T100019_N0512_R122_T32SPF_20260509T133418.SAFE,1,STRIPE_1000,STRIPE,1000.0,False,MetadataFilter,,,,,,,,,,,,,,,,,,,,,,,,,,,,,,,,,,,,,,,,,,,
STRIPE_1000_S2B_MSIL1C_20260608T100029_N0512_R122_T32SPF_20260608T134034.SAFE,synthetic,S2B_MSIL1C_20260608T100029_N0512_R122_T32SPF_20260608T134034.SAFE,1,STRIPE_1000,STRIPE,1000.0,False,MetadataFilter,,,,,,,,,,,,,,,,,,,,,,,,,,,,,,,,,,,,,,,,,,,
STRIPE_1000_S2C_MSIL1C_20260524T100021_N0512_R122_T32SPF_20260524T133919.SAFE,synthetic,S2C_MSIL1C_20260524T100021_N0512_R122_T32SPF_20260524T133919.SAFE,1,STRIPE_1000,STRIPE,1000.0,False,MetadataFilter,,,,,,,,,,,,,,,,,,,,,,,,,,,,,,,,,,,,,,,,,,,
STRIPE_1000_S2C_MSIL1C_20260613T100031_N0512_R122_T32SPF_20260613T133922.SAFE,synthetic,S2C_MSIL1C_20260613T100031_N0512_R122_T32SPF_20260613T133922.SAFE,1,STRIPE_1000,STRIPE,1000.0,False,MetadataFilter,,,,,,,,,,,,,,,,,,,,,,,,,,,,,,,,,,,,,,,,,,,
STRIPE_100_S2A_MSIL1C_20260406T100051_N0512_R122_T32SPF_20260406T151531.SAFE,synthetic,S2A_MSIL1C_20260406T100051_N0512_R122_T32SPF_20260406T151531.SAFE,1,STRIPE_100,STRIPE,100.0,False,MetadataFilter,,,,,,,,,,,,,,,,,,,,,,,,,,,,,,,,,,,,,,,,,,,
STRIPE_100_S2A_MSIL1C_20260409T101051_N0512_R022_T32SPF_20260409T152519.SAFE,synthetic,S2A_MSIL1C_20260409T101051_N0512_R022_T32SPF_20260409T152519.SAFE,1,STRIPE_100,STRIPE,100.0,False,MetadataFilter,,,,,,,,,,,,,,,,,,,,,,,,,,,,,,,,,,,,,,,,,,,
STRIPE_100_S2A_MSIL1C_20260426T100051_N0512_R122_T32SPF_20260426T151525.SAFE,synthetic,S2A_MSIL1C_20260426T100051_N0512_R122_T32SPF_20260426T151525.SAFE,1,STRIPE_100,STRIPE,100.0,False,MetadataFilter,,,,,,,,,,,,,,,,,,,,,,,,,,,,,,,,,,,,,,,,,,,
STRIPE_100_S2A_MSIL1C_20260506T100041_N0512_R122_T32SPF_20260506T151521.SAFE,synthetic,S2A_MSIL1C_20260506T100041_N0512_R122_T32SPF_20260506T151521.SAFE,1,STRIPE_100,STRIPE,100.0,False,MetadataFilter,,,,,,,,,,,,,,,,,,,,,,,,,,,,,,,,,,,,,,,,,,,
STRIPE_100_S2A_MSIL1C_20260526T100041_N0512_R122_T32SPF_20260526T151555.SAFE,synthetic,S2A_MSIL1C_20260526T100041_N0512_R122_T32SPF_20260526T151555.SAFE,1,STRIPE_100,STRIPE,100.0,False,MetadataFilter,,,,,,,,,,,,,,,,,,,,,,,,,,,,,,,,,,,,,,,,,,,
STRIPE_100_S2B_MSIL1C_20260412T101019_N0512_R022_T32SPF_20260412T134431.SAFE,synthetic,S2B_MSIL1C_20260412T101019_N0512_R022_T32SPF_20260412T134431.SAFE,1,STRIPE_100,STRIPE,100.0,False,MetadataFilter,,,,,,,,,,,,,,,,,,,,,,,,,,,,,,,,,,,,,,,,,,,
STRIPE_100_S2B_MSIL1C_20260509T100019_N0512_R122_T32SPF_20260509T133418.SAFE,synthetic,S2B_MSIL1C_20260509T100019_N0512_R122_T32SPF_20260509T133418.SAFE,1,STRIPE_100,STRIPE,100.0,False,MetadataFilter,,,,,,,,,,,,,,,,,,,,,,,,,,,,,,,,,,,,,,,,,,,
STRIPE_100_S2B_MSIL1C_20260608T100029_N0512_R122_T32SPF_20260608T134034.SAFE,synthetic,S2B_MSIL1C_20260608T100029_N0512_R122_T32SPF_20260608T134034.SAFE,1,STRIPE_100,STRIPE,100.0,False,MetadataFilter,,,,,,,,,,,,,,,,,,,,,,,,,,,,,,,,,,,,,,,,,,,
STRIPE_100_S2C_MSIL1C_20260524T100021_N0512_R122_T32SPF_20260524T133919.SAFE,synthetic,S2C_MSIL1C_20260524T100021_N0512_R122_T32SPF_20260524T133919.SAFE,1,STRIPE_100,STRIPE,100.0,False,MetadataFilter,,,,,,,,,,,,,,,,,,,,,,,,,,,,,,,,,,,,,,,,,,,
STRIPE_100_S2C_MSIL1C_20260613T100031_N0512_R122_T32SPF_20260613T133922.SAFE,synthetic,S2C_MSIL1C_20260613T100031_N0512_R122_T32SPF_20260613T133922.SAFE,1,STRIPE_100,STRIPE,100.0,False,MetadataFilter,,,,,,,,,,,,,,,,,,,,,,,,,,,,,,,,,,,,,,,,,,,
STRIPE_2000_S2A_MSIL1C_20260406T100051_N0512_R122_T32SPF_20260406T151531.SAFE,synthetic,S2A_MSIL1C_20260406T100051_N0512_R122_T32SPF_20260406T151531.SAFE,1,STRIPE_2000,STRIPE,2000.0,False,MetadataFilter,,,,,,,,,,,,,,,,,,,,,,,,,,,,,,,,,,,,,,,,,,,
STRIPE_2000_S2A_MSIL1C_20260409T101051_N0512_R022_T32SPF_20260409T152519.SAFE,synthetic,S2A_MSIL1C_20260409T101051_N0512_R022_T32SPF_20260409T152519.SAFE,1,STRIPE_2000,STRIPE,2000.0,False,MetadataFilter,,,,,,,,,,,,,,,,,,,,,,,,,,,,,,,,,,,,,,,,,,,
STRIPE_2000_S2A_MSIL1C_20260426T100051_N0512_R122_T32SPF_20260426T151525.SAFE,synthetic,S2A_MSIL1C_20260426T100051_N0512_R122_T32SPF_20260426T151525.SAFE,1,STRIPE_2000,STRIPE,2000.0,False,MetadataFilter,,,,,,,,,,,,,,,,,,,,,,,,,,,,,,,,,,,,,,,,,,,
STRIPE_2000_S2A_MSIL1C_20260506T100041_N0512_R122_T32SPF_20260506T151521.SAFE,synthetic,S2A_MSIL1C_20260506T100041_N0512_R122_T32SPF_20260506T151521.SAFE,1,STRIPE_2000,STRIPE,2000.0,False,MetadataFilter,,,,,,,,,,,,,,,,,,,,,,,,,,,,,,,,,,,,,,,,,,,
STRIPE_2000_S2A_MSIL1C_20260526T100041_N0512_R122_T32SPF_20260526T151555.SAFE,synthetic,S2A_MSIL1C_20260526T100041_N0512_R122_T32SPF_20260526T151555.SAFE,1,STRIPE_2000,STRIPE,2000.0,False,MetadataFilter,,,,,,,,,,,,,,,,,,,,,,,,,,,,,,,,,,,,,,,,,,,
STRIPE_2000_S2B_MSIL1C_20260412T101019_N0512_R022_T32SPF_20260412T134431.SAFE,synthetic,S2B_MSIL1C_20260412T101019_N0512_R022_T32SPF_20260412T134431.SAFE,1,STRIPE_2000,STRIPE,2000.0,False,MetadataFilter,,,,,,,,,,,,,,,,,,,,,,,,,,,,,,,,,,,,,,,,,,,
STRIPE_2000_S2B_MSIL1C_20260509T100019_N0512_R122_T32SPF_20260509T133418.SAFE,synthetic,S2B_MSIL1C_20260509T100019_N0512_R122_T32SPF_20260509T133418.SAFE,1,STRIPE_2000,STRIPE,2000.0,False,MetadataFilter,,,,,,,,,,,,,,,,,,,,,,,,,,,,,,,,,,,,,,,,,,,
STRIPE_2000_S2B_MSIL1C_20260608T100029_N0512_R122_T32SPF_20260608T134034.SAFE,synthetic,S2B_MSIL1C_20260608T100029_N0512_R122_T32SPF_20260608T134034.SAFE,1,STRIPE_2000,STRIPE,2000.0,False,MetadataFilter,,,,,,,,,,,,,,,,,,,,,,,,,,,,,,,,,,,,,,,,,,,
STRIPE_2000_S2C_MSIL1C_20260524T100021_N0512_R122_T32SPF_20260524T133919.SAFE,synthetic,S2C_MSIL1C_20260524T100021_N0512_R122_T32SPF_20260524T133919.SAFE,1,STRIPE_2000,STRIPE,2000.0,False,MetadataFilter,,,,,,,,,,,,,,,,,,,,,,,,,,,,,,,,,,,,,,,,,,,
STRIPE_2000_S2C_MSIL1C_20260613T100031_N0512_R122_T32SPF_20260613T133922.SAFE,synthetic,S2C_MSIL1C_20260613T100031_N0512_R122_T32SPF_20260613T133922.SAFE,1,STRIPE_2000,STRIPE,2000.0,False,MetadataFilter,,,,,,,,,,,,,,,,,,,,,,,,,,,,,,,,,,,,,,,,,,,
STRIPE_500_S2A_MSIL1C_20260406T100051_N0512_R122_T32SPF_20260406T151531.SAFE,synthetic,S2A_MSIL1C_20260406T100051_N0512_R122_T32SPF_20260406T151531.SAFE,1,STRIPE_500,STRIPE,500.0,False,MetadataFilter,,,,,,,,,,,,,,,,,,,,,,,,,,,,,,,,,,,,,,,,,,,
STRIPE_500_S2A_MSIL1C_20260409T101051_N0512_R022_T32SPF_20260409T152519.SAFE,synthetic,S2A_MSIL1C_20260409T101051_N0512_R022_T32SPF_20260409T152519.SAFE,1,STRIPE_500,STRIPE,500.0,False,MetadataFilter,,,,,,,,,,,,,,,,,,,,,,,,,,,,,,,,,,,,,,,,,,,
STRIPE_500_S2A_MSIL1C_20260426T100051_N0512_R122_T32SPF_20260426T151525.SAFE,synthetic,S2A_MSIL1C_20260426T100051_N0512_R122_T32SPF_20260426T151525.SAFE,1,STRIPE_500,STRIPE,500.0,False,MetadataFilter,,,,,,,,,,,,,,,,,,,,,,,,,,,,,,,,,,,,,,,,,,,
STRIPE_500_S2A_MSIL1C_20260506T100041_N0512_R122_T32SPF_20260506T151521.SAFE,synthetic,S2A_MSIL1C_20260506T100041_N0512_R122_T32SPF_20260506T151521.SAFE,1,STRIPE_500,STRIPE,500.0,False,MetadataFilter,,,,,,,,,,,,,,,,,,,,,,,,,,,,,,,,,,,,,,,,,,,
STRIPE_500_S2A_MSIL1C_20260526T100041_N0512_R122_T32SPF_20260526T151555.SAFE,synthetic,S2A_MSIL1C_20260526T100041_N0512_R122_T32SPF_20260526T151555.SAFE,1,STRIPE_500,STRIPE,500.0,False,MetadataFilter,,,,,,,,,,,,,,,,,,,,,,,,,,,,,,,,,,,,,,,,,,,
STRIPE_500_S2B_MSIL1C_20260412T101019_N0512_R022_T32SPF_20260412T134431.SAFE,synthetic,S2B_MSIL1C_20260412T101019_N0512_R022_T32SPF_20260412T134431.SAFE,1,STRIPE_500,STRIPE,500.0,False,MetadataFilter,,,,,,,,,,,,,,,,,,,,,,,,,,,,,,,,,,,,,,,,,,,
STRIPE_500_S2B_MSIL1C_20260509T100019_N0512_R122_T32SPF_20260509T133418.SAFE,synthetic,S2B_MSIL1C_20260509T100019_N0512_R122_T32SPF_20260509T133418.SAFE,1,STRIPE_500,STRIPE,500.0,False,MetadataFilter,,,,,,,,,,,,,,,,,,,,,,,,,,,,,,,,,,,,,,,,,,,
STRIPE_500_S2B_MSIL1C_20260608T100029_N0512_R122_T32SPF_20260608T134034.SAFE,synthetic,S2B_MSIL1C_20260608T100029_N0512_R122_T32SPF_20260608T134034.SAFE,1,STRIPE_500,STRIPE,500.0,False,MetadataFilter,,,,,,,,,,,,,,,,,,,,,,,,,,,,,,,,,,,,,,,,,,,
STRIPE_500_S2C_MSIL1C_20260524T100021_N0512_R122_T32SPF_20260524T133919.SAFE,synthetic,S2C_MSIL1C_20260524T100021_N0512_R122_T32SPF_20260524T133919.SAFE,1,STRIPE_500,STRIPE,500.0,False,MetadataFilter,,,,,,,,,,,,,,,,,,,,,,,,,,,,,,,,,,,,,,,,,,,
STRIPE_500_S2C_MSIL1C_20260613T100031_N0512_R122_T32SPF_20260613T133922.SAFE,synthetic,S2C_MSIL1C_20260613T100031_N0512_R122_T32SPF_20260613T133922.SAFE,1,STRIPE_500,STRIPE,500.0,False,MetadataFilter,,,,,,,,,,,,,,,,,,,,,,,,,,,,,,,,,,,,,,,,,,,
ZERO_0.5_S2A_MSIL1C_20260406T100051_N0512_R122_T32SPF_20260406T151531.SAFE,synthetic,S2A_MSIL1C_20260406T100051_N0512_R122_T32SPF_20260406T151531.SAFE,1,CORRUPTION_zero_50,CORRUPTION,,False,NoDataFilter,0.0,"['B02', 'B03', 'B04', 'B08', 'B11']","['B02', 'B03', 'B04', 'B08', 'B11']",[],5.0,5.0,T32SPF_20260406T100051_B04.jp2,uint16,0.0,17465.0,6064.0,8.844353637500236e-08,6421.0,10000.0,-1000.0,11200.0,5.12,MTD_MSIL1C.xml,0.24972719068616228,0.05,0.24972719068616228,6421.0,0.0,,,,,,,,,,,,1233.0,1244.0,1778.0,2955.0,1722.0,534.0,2.033569574356079,1.5092133283615112,
ZERO_0.5_S2A_MSIL1C_20260409T101051_N0512_R022_T32SPF_20260409T152519.SAFE,synthetic,S2A_MSIL1C_20260409T101051_N0512_R022_T32SPF_20260409T152519.SAFE,1,CORRUPTION_zero_50,CORRUPTION,,True,,2.499077303239,"['B02', 'B03', 'B04', 'B08', 'B11']","['B02', 'B03', 'B04', 'B08', 'B11']",[],5.0,5.0,T32SPF_20260409T101051_B04.jp2,uint16,0.0,14630.0,6398.0,9.834765020144877e-07,6161.0,10000.0,-1000.0,11200.0,5.12,MTD_MSIL1C.xml,1.6663846503495344e-05,0.05,0.8481887916762054,6161.0,0.0,28.896281896729075,6.827,12810.0,0.015314605476022692,60.32967032967033,0.3,45.61522808248507,0.0006147507228888571,0.7905694246292114,1286.0,0.15,1244.0,1311.0,2176.0,3272.0,2028.0,865.0,1.445062279701233,1.4722442626953125,
ZERO_0.5_S2A_MSIL1C_20260426T100051_N0512_R122_T32SPF_20260426T151525.SAFE,synthetic,S2A_MSIL1C_20260426T100051_N0512_R122_T32SPF_20260426T151525.SAFE,1,CORRUPTION_zero_50,CORRUPTION,,False,NoDataFilter,0.796231598435,"['B02', 'B03', 'B04', 'B08', 'B11']","['B02', 'B03', 'B04', 'B08', 'B11']",[],5.0,5.0,T32SPF_20260426T100051_B04.jp2,uint16,0.0,12673.0,6044.0,1.1048804325465469e-08,6110.0,10000.0,-1000.0,11200.0,5.12,MTD_MSIL1C.xml,0.24927645396000678,0.05,0.24927645396000678,6110.0,0.0,,,,,,,,,,,,1289.0,1445.0,1864.0,3107.0,1818.0,419.0,2.124457359313965,1.4473137855529785,
ZERO_0.5_S2A_MSIL1C_20260506T100041_N0512_R122_T32SPF_20260506T151521.SAFE,synthetic,S2A_MSIL1C_20260506T100041_N0512_R122_T32SPF_20260506T151521.SAFE,1,CORRUPTION_zero_50,CORRUPTION,,False,MetadataFilter,99.798799605841,,,,,,,,,,,,,,,,,,,,,,,,,,,,,,,,,,5077.0,6759.0,8516.0,9428.0,4351.0,1757.0,-0.9293377995491028,1.0246429443359375,
ZERO_0.5_S2A_MSIL1C_20260526T100041_N0512_R122_T32SPF_20260526T151555.SAFE,synthetic,S2A_MSIL1C_20260526T100041_N0512_R122_T32SPF_20260526T151555.SAFE,1,CORRUPTION_zero_50,CORRUPTION,,False,NoDataFilter,49.00779360387,"['B02', 'B03', 'B04', 'B08', 'B11']","['B02', 'B03', 'B04', 'B08', 'B11']",[],5.0,5.0,T32SPF_20260526T100041_B04.jp2,uint16,0.0,13415.0,6183.0,1.4372281697119264e-07,6327.0,10000.0,-1000.0,11200.0,5.12,MTD_MSIL1C.xml,0.2497379985467865,0.05,0.2497379985467865,6327.0,0.0,,,,,,,,,,,,1389.0,1658.0,2628.0,3453.0,2064.0,970.0,1.020559549331665,1.210301160812378,
ZERO_0.5_S2B_MSIL1C_20260412T101019_N0512_R022_T32SPF_20260412T134431.SAFE,synthetic,S2B_MSIL1C_20260412T101019_N0512_R022_T32SPF_20260412T134431.SAFE,1,CORRUPTION_zero_50,CORRUPTION,,False,MetadataFilter,99.27468413664,,,,,,,,,,,,,,,,,,,,,,,,,,,,,,,,,,3060.0,5589.0,8753.0,9817.0,6757.0,3164.0,-0.560187041759491,1.062591791152954,
ZERO_0.5_S2B_MSIL1C_20260509T100019_N0512_R122_T32SPF_20260509T133418.SAFE,synthetic,S2B_MSIL1C_20260509T100019_N0512_R122_T32SPF_20260509T133418.SAFE,1,CORRUPTION_zero_50,CORRUPTION,,False,MetadataFilter,98.482934694975,,,,,,,,,,,,,,,,,,,,,,,,,,,,,,,,,,2000.0,2500.0,4499.0,8058.0,6058.0,1999.0,1.491777777671814,1.085981845855713,
ZERO_0.5_S2B_MSIL1C_20260608T100029_N0512_R122_T32SPF_20260608T134034.SAFE,synthetic,S2B_MSIL1C_20260608T100029_N0512_R122_T32SPF_20260608T134034.SAFE,1,CORRUPTION_zero_50,CORRUPTION,,False,MetadataFilter,91.974827555317,,,,,,,,,,,,,,,,,,,,,,,,,,,,,,,,,,1805.0,2508.0,7077.0,9305.0,7500.0,4569.0,0.36709287762641907,0.9904147982597351,
ZERO_0.5_S2C_MSIL1C_20260524T100021_N0512_R122_T32SPF_20260524T133919.SAFE,synthetic,S2C_MSIL1C_20260524T100021_N0512_R122_T32SPF_20260524T133919.SAFE,1,CORRUPTION_zero_50,CORRUPTION,,False,NoDataFilter,0.505688435009,"['B02', 'B03', 'B04', 'B08', 'B11']","['B02', 'B03', 'B04', 'B08', 'B11']",[],5.0,5.0,T32SPF_20260524T100021_B04.jp2,uint16,0.0,16818.0,9581.0,2.1001993851920533e-06,9927.0,10000.0,-1000.0,11200.0,5.12,MTD_MSIL1C.xml,0.249607657240686,0.05,0.249607657240686,9927.0,0.0,,,,,,,,,,,,1347.0,1565.0,2727.0,3639.0,2292.0,1162.0,1.562040090560913,1.1577279567718506,
ZERO_0.5_S2C_MSIL1C_20260613T100031_N0512_R122_T32SPF_20260613T133922.SAFE,synthetic,S2C_MSIL1C_20260613T100031_N0512_R122_T32SPF_20260613T133922.SAFE,1,CORRUPTION_zero_50,CORRUPTION,,False,NoDataFilter,0.030009853982,"['B02', 'B03', 'B04', 'B08', 'B11']","['B02', 'B03', 'B04', 'B08', 'B11']",[],5.0,5.0,T32SPF_20260613T100031_B04.jp2,uint16,0.0,18025.0,7046.0,4.091638684373613e-07,7393.0,10000.0,-1000.0,11200.0,5.12,MTD_MSIL1C.xml,0.2499335022113397,0.05,0.2499335022113397,7393.0,0.0,,,,,,,,,,,,1423.0,1597.0,2922.0,3826.0,2403.0,1325.0,0.9666268825531006,1.1642001867294312,
